movie_title,MDS-1,MDS-2
Home Fries ,1.3785816841524974,-0.768844544311916
Firewall ,0.8184726461373854,-0.6862440828855308
Dick ,0.9658081204650976,-0.3428452907758637
The Number 23 ,0.8963125541346955,-0.11306659334266883
Underclassman ,0.13723999563505132,-2.0701990683567737
Reservoir Dogs ,-8.026693118878402,1.0181595356388073
Down to Earth ,1.3821454532187907,-0.496693428517856
The Muppet Christmas Carol ,0.49439483385319655,1.2816094414560457
Election ,0.8406821032865289,0.7727238916453344
Ghostbusters ,-2.0346235849565906,-1.6798264731360117
Johnny English ,1.303635316404214,-0.047524436166801055
Barbershop 2: Back in Business ,1.464105400260897,-0.4404854461719802
Takers ,1.4275009369560412,-0.3042601883487445
Letters to God ,1.5981873041980303,-0.08214538381193005
The Legend of God's Gun ,-0.013663876326262186,-2.141567470771519
The Best Exotic Marigold Hotel ,0.6334260370429436,0.20774144060550417
Toy Story 3 ,-3.6812494144675756,-0.31938984045512575
Fool's Gold ,1.1264284979294674,-0.5496181039637343
Me Before You ,1.0411749457458483,0.2703795886436668
Trance ,-0.2797442079067484,-0.27785031652619413
Civil Brand ,1.3727427713358584,-0.889342080090002
Lucky Break ,1.5420349831890552,0.18832806603857713
To Die For ,1.2215307471250485,0.8259917961152997
This Is England ,0.9136845765255539,0.6969260353501371
Anastasia ,1.0742228153454327,0.8192342369036193
Zoolander ,-0.8838231523009918,-0.3034652953281218
Halloween: Resurrection ,-0.06991305345501728,-1.8310316356091572
Legend of the Guardians: The Owls of Ga'Hoole ,1.1441476589181074,0.1541679666193521
Motherhood ,0.8188900620352287,-1.4738029605804286
Six-String Samurai ,1.3422961378141185,0.5865016896394637
Dear Wendy ,1.4377183334193193,0.27264263291891566
Whatever It Takes ,1.4916892102919497,-0.5068023822948996
Philomena ,-0.007611760249168263,0.11388010523178524
The Others ,-0.21071487388096716,0.7865044490223841
River's Edge ,0.5294819256231169,1.3951924671081282
American Gangster ,-0.2531865547548169,0.7676495686558318
Around the World in 80 Days ,1.1263149245139465,-0.26981508442688157
Half Nelson ,0.9621813549044806,0.3820423043764238
Krampus ,1.062274907858085,-0.47707638492589327
I Am Sam ,0.868282949002069,0.9538045857300088
Ghost Town ,1.0662229505610896,0.055197010683075746
Control ,1.0128079163008008,0.6821761824114128
Burnt ,1.2505883098589876,-0.2229792845106795
A Better Life ,1.3902253250679577,0.3487006853096802
Young Sherlock Holmes ,0.7764408761043264,1.229777418324903
Bad Boys II ,0.7201369744952657,0.5341574138294755
G-Force ,0.6993495941359956,-1.0515641798539992
Aladdin ,-1.1392225308982447,1.3406028828861336
Four Christmases ,0.9965402814597306,-0.6769516811288
Quinceañera ,1.3502320896848408,0.46990750756651745
Star Trek IV: The Voyage Home ,-4.819687741205442,1.4537818551286663
10 Things I Hate About You ,0.6868676119560966,0.7216578536062225
The Adventurer: The Curse of the Midas Box ,1.1244374935966621,-1.199826598069084
My Super Ex-Girlfriend ,1.0965436875801953,-0.8491839357537221
Out Cold ,1.4950447837091545,0.22074055087075112
Oculus ,0.16971521283023133,-0.4120826944069511
Robin Hood ,-0.11247785674769398,-0.044385396488104883
Die Another Day ,-0.3670776551711344,-0.1340419457655757
Exiled ,1.3111393618967964,0.5845445025558342
Hardball ,1.4766014733934676,0.19666917751964746
The Muse ,1.4640922519973762,-0.22241055412974428
Bride of Chucky ,1.3204815013308568,-0.39049732336908205
Beavis and Butt-Head Do America ,1.0622723165912202,0.6982755262101116
The Ladykillers ,1.0699568323355018,-0.11151347155913764
Sabotage ,0.8504943781933086,-0.73246977293037
The Canyons ,-0.3263375895038056,-2.1522439504144852
Contact ,0.44471825571927304,1.0414334934152663
The Emperor's Club ,1.3822637074144306,0.530144799534199
The Astronaut's Wife ,1.2296586202880366,-0.5757890720289254
Layer Cake ,1.0711260768789088,0.6726371763681546
My Sister's Keeper ,1.245351404598269,0.48563484503862664
Don't Say a Word ,1.400170113811538,0.20976905614031952
Nim's Island ,1.3509869952914553,-0.33035057912985005
Charlie's Angels ,0.5824388415935658,-0.45546237548895413
Poetic Justice ,1.516909549380469,0.48780092877092474
Home Run ,1.5176595608409655,-0.6576438804713223
Into the Blue ,1.4439076674826057,-0.3103224029279475
Finding Nemo ,-3.7624599461213193,0.4976462558857771
Tadpole ,1.3601962224367985,0.14262123527107645
The Untouchables ,-0.20804806759849498,1.5875282747805313
Ready to Rumble ,1.4760064514457203,-0.5046073492708099
Inside Man ,0.5210874093614477,0.717965899315061
The Time Machine ,1.1678965044987313,-0.1348201146775111
Mad Max Beyond Thunderdome ,1.0498548987256529,0.8210055735851551
Rumble in the Bronx ,1.2354809363665114,0.6734413656396749
28 Days ,1.3592396271056502,-0.0018056300727788894
Fireproof ,1.5239362865989519,0.20171174820042953
Hotel Rwanda ,0.4871932501507756,1.0075596190474034
Bella ,1.2286631421251346,0.6572333141666752
Nanny McPhee ,1.3575358822576185,0.1661401352015805
Head of State ,1.439399853290918,-0.5678542407610403
From Dusk Till Dawn ,0.6400226504411763,0.8954036985975802
The Prophecy ,1.2972720272332072,0.6482606580204407
Tangled ,-0.5071372932448177,0.41640348828114154
In Her Line of Fire ,0.09610682402600071,-2.101564832452974
Resident Evil: Afterlife ,0.6608492201051862,-0.5735870271060693
My Name Is Bruce ,1.4196814434628193,-0.07464852026875247
The Doors ,0.6281019013995528,1.2492529081966521
Primary Colors ,1.0688902888044174,0.6539890840888529
DragonHeart ,1.34689820081042,0.5355796566509531
The Legend of Zorro ,1.3282455155737338,-0.15379645878794987
The Howling ,0.452039357615473,1.0444598746339784
Cape Fear ,-7.752096136588218,0.8327034382327747
Vertical Limit ,1.2363809842829028,0.00614773972731568
The Manchurian Candidate ,0.9938901319774706,0.22645121423961026
The 6th Day ,1.1885959399018322,-0.049109497178409275
A View to a Kill ,0.8034282005884289,0.9457528259291096
Dragonfly ,1.4482685421975077,0.03148297224351852
Jack and Jill ,-1.3931135357067712,-2.8223370252894013
DOA: Dead or Alive ,0.8668715022333279,-1.2787159085892292
G.I. Jane ,1.4226929473600187,0.06165302516385873
The Fan ,-4.765744872136873,0.38170348979671304
Men in Black II ,-0.05006288344807959,-0.2078659552979155
Never Back Down ,1.422258664356282,0.11985307737972625
Team America: World Police ,0.5856772612089729,0.410091680615099
Bill & Ted's Excellent Adventure ,0.6517137315955077,1.067603516077716
The BFG ,-3.802024380894415,-0.15688729790997466
The Animal ,1.1045599833065463,-0.9628919018634744
2046 ,0.9176119745854721,0.6981387086725424
Trees Lounge ,-4.1642725674535095,1.3437085327677165
A Very Long Engagement ,0.8887552521496717,0.8222302819939831
Ulee's Gold ,1.1575769103583706,0.8930052903121373
Funny People ,0.7893057386428176,-0.020707217137038523
Conan the Barbarian ,0.12320195753646716,1.2953604536538337
Becoming Jane ,1.3239427747037353,0.42073472675441137
The Fountain ,0.12423034619235504,0.3343154941264803
This Christmas ,0.7962096806246861,-0.9389468680944394
Freeheld ,1.4218222440067088,-0.19778458613651567
Alpha and Omega ,1.240295512372013,-0.8354253474387463
Terminator Genisys ,-1.3428845689951434,-0.8617920896727976
Sicario ,-1.0418506098524418,-0.10084661047611244
Hit and Run ,1.2147417692391496,-0.46364147655157434
Teenage Mutant Ninja Turtles ,-0.8417519428926251,-0.9838804694466642
The Boondock Saints II: All Saints Day ,1.457563461425735,-0.020876520853581854
The Love Guru ,-0.6564805402223519,-2.3816566551083262
Semi-Pro ,1.2670514159443886,-0.45291126913666474
Tremors ,0.72224070912579,1.003967012537762
The Red Violin ,0.8122633067993562,1.143666445076751
Strange Wilderness ,1.1856267068415671,-1.0185527761717463
Arbitrage ,0.6315415451988875,-0.21974229915081428
Cruel Intentions ,0.9346744758770936,0.6242301575517596
In the Land of Blood and Honey ,-4.150006514360764,-2.4752277989881897
Pirates of the Caribbean: The Curse of the Black Pearl ,-3.879518755514568,0.7870145688366541
Get Carter ,1.3175803282828584,-0.6373612191385984
Club Dread ,1.4951317862665143,-0.39350485174294864
The Legend of Hercules ,0.02635412890948861,-1.8767304182483555
The Client ,1.021467180390333,0.9873435705477069
I Am Number Four ,0.3821690634830728,-0.47514746504153826
Entrapment ,1.2248396056173723,0.20470770642647548
Courage ,1.6443618067150234,0.18618887845432838
Charlie Bartlett ,1.2110399746764287,0.271836532443139
Bring It On ,1.2790502569974183,-0.07327429617776535
Twilight Zone: The Movie ,0.8959016925665367,1.079607489165432
Star Trek VI: The Undiscovered Country ,0.7591462649320226,1.0681634577166526
The Other Boleyn Girl ,-7.1186465032147765,-2.9336673322144264
The Mothman Prophecies ,1.166731072918431,0.2642323989341962
Austin Powers in Goldmember ,-0.09282078736087473,-0.142475662681503
Simply Irresistible ,1.4792962489015347,-0.5431699171556398
Blade II ,0.6949536484644145,0.3273882688411576
Bamboozled ,1.3469735625811914,0.5703960013379503
Antitrust ,1.4410770613339374,0.05617447626686017
American Outlaws ,1.5485098314626748,0.007070628006766151
The Transporter Refueled ,0.9224096330877712,-1.1234820951777122
Fantastic Four ,-1.7353881292422642,-2.256431748532698
The Pink Panther ,1.0834756951638895,-0.4935883759407703
Anacondas: The Hunt for the Blood Orchid ,0.9216717826413215,-1.2275455346088393
What Happens in Vegas ,1.2314572285922392,-0.21590269866592965
Urbania ,1.2973951525331355,0.7647979440656237
Mission: Impossible - Ghost Protocol ,-1.0519639876584268,0.085588598893506
RoboCop ,-1.6376477529272593,-1.0921045510255214
The Conspirator ,1.1749729717875763,0.19145991786306618
Toy Story ,-2.235313740922175,1.2677416578954643
Pushing Tin ,1.579072208220145,0.1497606284315459
Puss in Boots ,0.4535899735297205,-0.16376548648753658
Stepmom ,1.217857944132663,0.7014950442659421
The Joneses ,1.3489737711568122,-0.08350591699535685
Jay and Silent Bob Strike Back ,0.7729917034276128,0.4125670014228828
Monster House ,1.03398394393912,0.028538134008561575
Twilight ,-3.785144047618714,-2.249730051654619
Hocus Pocus ,1.0841700860709034,0.8529683714384056
Lonesome Jim ,-3.611556965452224,0.679328534761333
Loser ,1.4439520796490894,-0.4485145045809086
Domino ,-3.545563306153829,-0.027791755705124585
Critical Care ,1.6100427117741705,0.24673163103145657
Eye of the Beholder ,1.1908368167473309,-0.767871100899012
Forrest Gump ,-7.706491490746047,0.3056637275802725
Derailed ,1.4230948619793444,0.2490853454032656
Wasabi ,1.4383265600693647,0.44684208098276057
Scooby-Doo 2: Monsters Unleashed ,1.0070720964003141,-0.9907938169922963
Mr. & Mrs. Smith ,-0.029914473547646335,0.09884769543595139
Love Stinks ,1.5694501933041785,-0.11150720708049688
Hollywood Ending ,-2.8832150514147132,0.8712849628711349
Pulse ,0.7647084920247134,-1.2626806289319317
Inception ,-15.257720515428455,8.993969025443022
Johnny English Reborn ,1.3055830815457594,-0.2035950684928234
Fair Game ,1.1297685063183271,0.025678770935305906
Beautiful Creatures ,0.8930679441638443,-0.45277647105623137
Crazy Heart ,0.6535214052091106,0.29584698937479237
The Lives of Others ,0.289792678106035,1.0687815820364706
Girl 6 ,1.387806078140952,-0.8201498932649062
Aliens vs. Predator: Requiem ,-0.047922106457213766,-1.304723419120666
Driven ,0.7700060794114552,-1.2201601182977384
We Were Soldiers ,0.9379825900775101,0.6494719207866675
Lions for Lambs ,-1.6533420810182813,-1.4334918656564637
Flicka ,1.5332598625798086,-0.06560458371598878
Hostage ,0.8528114110553046,0.07548948533048937
The Relic ,1.4562956931093005,-0.018423369480598546
Pandorum ,0.9738961401407565,0.09354358390665805
The Messenger ,0.9935639477538227,0.264039795526752
The Covenant ,1.2343024822621136,-0.6763263645746674
Bottle Rocket ,1.0515894886994301,0.8317989235988031
Escape from New York ,-0.17039505046403558,1.3225184124300373
Rounders ,0.9849868604973443,0.9333787681601
Away We Go ,0.991116516077777,0.19047227231537855
Little Shop of Horrors ,0.7542632998633443,1.21378200163769
Someone Like You... ,1.495615278827231,0.04705607271582325
The Last Dragon ,0.683444991941496,1.2883791070778328
The Tuxedo ,1.3661952659848036,-0.524842835068072
Creepshow 2 ,1.2757404618537849,0.5071231190506237
Sweet November ,1.346910135279984,0.4626962158167544
88 Minutes ,1.3323178593271134,-0.306480962358681
Star Trek Into Darkness ,-5.948319874514049,-0.7495367412643543
The Order ,1.2678996996014493,-0.7226501458649476
Analyze This ,-2.920842575699414,0.874282006477328
Shorts ,0.19316343703975195,-1.7259891117042065
Coco Before Chanel ,1.3392643540049203,0.10358613340354594
Meet Joe Black ,0.06172172348784596,1.088315697296493
Doogal ,-2.1420518377460773,-3.3938771882074046
Ratatouille ,-0.908719580675686,0.707727765031312
Drowning Mona ,1.481233217265061,-0.2319401572944792
The Game ,-9.546769241527727,0.05393889881050824
Moulin Rouge! ,-1.5202351442094877,0.7452497916587706
Harold & Kumar Go to White Castle ,1.0165876767544537,0.4587266488002457
The Illusionist ,0.39638614093002955,0.6427048198146512
Tim and Eric's Billion Dollar Movie ,1.189813553317626,-0.974649554809663
American Wedding ,0.8306927480665756,-0.06379993151093846
Les couloirs du temps: Les visiteurs II ,1.6209234236932806,0.3567272930184661
Big Momma's House 2 ,0.732171667386212,-1.4076914705612655
Spanglish ,1.3639260814312244,0.2771564812275037
The Lost World: Jurassic Park ,-5.921257595220982,0.27225489996539737
The Count of Monte Cristo ,0.8886212626432998,0.950569162165271
The Chronicles of Narnia: The Voyage of the Dawn Treader ,0.849165780607274,-0.2489962161209205
Crossover ,-4.414765186029444,-4.389527071342478
Fury ,-0.6130150335081085,0.06855609223056182
Dredd ,-0.977730802800115,-0.2838997565421905
The In Crowd ,0.9222246663580699,-1.3376653181828944
The Expendables 2 ,-4.0004617949399615,-1.9831998449400163
Blue Car ,1.402900920248702,0.436259665261649
Blow ,0.8484974012383993,0.9084530743794711
Snow Flower and the Secret Fan ,1.5281161596124224,-0.2946894980272431
Spaceballs ,0.5796129040942223,1.174295586041957
The Guru ,1.433982451282512,-0.5207512036331563
Idle Hands ,1.4586231780439805,0.22541121420319601
Escape Plan ,0.5639220714990226,-0.1880050589393597
Death at a Funeral ,0.9696244117191529,0.45822715396822256
Zoom ,0.13050661182559956,-2.0011212289142257
Ghost World ,0.933083920709578,0.7846462813703929
13 Going on 30 ,1.3655217212702817,-0.05021129042423793
Soul Plane ,-0.1260217879109151,-1.9543423903675752
Saw IV ,1.0259301895105826,-0.3678722999712936
The Brass Teapot ,1.5516697948719704,-0.17191728378926588
Big Fat Liar ,1.3983550379113228,-0.511290597483732
The Missing Person ,1.5256781018985905,-0.21205234401964113
The Dark Knight ,-16.514016018198742,-5.9365605414247025
Lady in White ,0.8680312174855406,0.9298460905008613
Bachelorette ,0.9844212565083899,-1.0106951069160504
Chronicle ,-0.7521828500609231,-0.21825913455907542
We Are Your Friends ,1.2899480313204317,-0.44228399297957244
The Nutcracker in 3D ,0.429482751068064,-1.7710028348249782
In Good Company ,1.3126945455344412,0.10323203938162526
District B13 ,1.0794853557348898,0.47849193304481186
Star Wars: Episode V - The Empire Strikes Back ,-5.859800030246468,2.0676882817586546
Virtuosity ,1.5846097765539835,-0.15005258666657534
The Fast and the Furious ,0.26424438408955464,0.261423222053644
Happy Feet ,0.2787766321946425,-0.1173592581511688
Date Night ,-0.16179014817216777,-0.7637627671052587
Apocalypto ,-0.03271112909748257,0.7457267482953157
Lars and the Real Girl ,0.7848194390364508,0.43088774496252735
Stripes ,0.04149589857470411,1.563059212055906
Hellraiser ,0.21776025072188954,0.9549370504577694
Hotel Transylvania 2 ,0.7284783578727404,-0.2876645485297605
One True Thing ,1.1910571971934407,0.8732674270295524
Warrior ,-0.2655916998123272,0.6210079703135695
Pet Sematary ,1.0249351760239296,0.8680499537632342
Percy Jackson: Sea of Monsters ,1.0690954298087385,-0.5608596689481617
Kung Fu Panda 3 ,0.7798653653426072,-0.050272233804522115
Hobo with a Shotgun ,0.37059005309559373,-0.6446238235168021
Double Jeopardy ,1.0560493901586214,0.3007664388305899
Batman Returns ,-5.047313084798119,0.893007342699508
Focus ,0.6015424296751073,-0.30346206285332944
Cloudy with a Chance of Meatballs 2 ,1.0177333709936263,-0.2205619461794484
Dylan Dog: Dead of Night ,1.075146947628304,-0.9667134460762598
54 ,1.5361639397365547,-0.0031490863748155017
Littleman ,0.49839367193359024,-1.627443862964943
Stonewall ,0.2336872467955109,-1.8334061127936034
The Cave ,1.104293597589671,-0.8108864095498037
The Crazies ,0.37824679364908886,-0.2561103374471763
Home ,0.6795479755553645,-0.23269576699224184
Predators ,-0.10932430330305086,-0.385282928801263
Monster's Ball ,1.092375209137085,0.632153220699598
Heavenly Creatures ,0.8494410785235619,1.0913459939050842
Julie & Julia ,0.7855766492455214,0.17028816138511396
Furious 7 ,-4.930864474304265,-2.0443917085035537
Molly ,1.6306488187164603,-0.03789479458403654
Highlander ,0.49399029541437417,1.2947424127598532
Thor: The Dark World ,-3.78310054797004,-1.64488345144932
The Unborn ,0.6588867787848046,-1.2623594582559778
Chicago ,-0.0530933127841989,0.5890935075010182
8 Mile ,0.8281187306077505,0.6382034952757049
Dope ,1.1914166363963503,0.15540847705525337
Old School ,0.933292458333357,0.5839726543543546
Morning Glory ,1.0956685742672094,-0.10244208078469466
Alien: Resurrection ,0.5444206436298192,0.27123693170520397
Shakespeare in Love ,0.6192382907619461,0.892232460833007
Jesus' Son ,1.2801142900129063,0.7075717730338942
You Got Served ,-0.600217916269758,-2.4100267828730124
Elizabethtown ,1.0833950914565036,0.043966824242586716
Defendor ,1.4438338963702604,0.20142197080333138
Green Zone ,0.7808671121367232,0.08857832573512409
Hot Tub Time Machine 2 ,0.9516593251683385,-1.2312624208182321
Bless the Child ,1.3125029481332866,-0.6013488094742095
Monsoon Wedding ,1.0795814293597408,0.7960315493951872
Bend It Like Beckham ,1.155436980460997,0.39838725368139566
Attack the Block ,-0.5896227947288235,-0.5765740609458524
Harley Davidson and the Marlboro Man ,1.477544695530993,0.5150968200721053
Patch Adams ,0.2810685586464169,0.799633331831633
Patriot Games ,0.8812398430686378,1.0915288613364071
This Is 40 ,0.562704749186221,-0.3850438177530681
Little Miss Sunshine ,-0.13468219453041164,0.7210675969659852
Severance ,1.0189843000446208,0.039613323158012054
Only the Strong ,1.1706663257375767,0.9533957533338646
Bad Boys ,0.978413373538193,0.8964937577673585
Case 39 ,1.3410103637895396,-0.1973336263235173
Sgt. Bilko ,1.602500350225341,-0.05258841223831774
Wicker Park ,1.3349825192991285,0.5275791602762496
A Nightmare on Elm Street 5: The Dream Child ,1.4467601457446155,-0.168720074209009
Drumline ,1.4622199135353495,-0.19590336415965395
Witness ,0.18733854249184298,1.5054566529785622
The Man from U.N.C.L.E. ,0.04722564648841504,-0.047950124990196116
The Fifth Estate ,0.9300260710141302,-0.45113615003206664
Aliens in the Attic ,1.258746112518603,-0.8258932128651844
Sin City: A Dame to Kill For ,-0.3804470526616479,-0.8387896549304438
Detroit Rock City ,1.304247134164491,0.6478414624968718
50/50 ,-0.04092165296060209,0.24748517780253237
Terminator 2: Judgment Day ,-3.1299228189848978,1.6949651789910316
Black Knight ,1.1569150883669548,-1.051597475208044
The Day the Earth Stood Still ,0.2091434874806565,-0.7773460012136336
Don Jon ,-10.558968966202002,-1.0408011927013128
The Homesman ,1.2076929805826495,-0.14441736362803292
The River Wild ,1.3876588722760674,0.6188501141012636
Jackie Brown ,-6.271312625102749,0.9386414403870375
A Hard Day's Night ,-2.644611052471567,2.321108729839676
Hoffa ,0.8469410815625557,1.1754635772073883
Half Past Dead ,1.0288949125783413,-1.175480724689929
Garden State ,0.43750385395274527,0.675167805212927
Wimbledon ,1.421918137699816,0.02427513965614011
Bran Nue Dae ,1.356738247784556,-0.6862630795182603
The Devil's Own ,1.4484098605127687,0.23364164414227168
21 ,1.2868459050684475,0.2591651145154661
Crossroads ,-1.023084025244725,-2.544017889834422
Thr3e ,1.2183189229541402,-1.0363159494873844
City Hall ,1.5028918743068296,0.4129641923396405
Event Horizon ,0.6858660013001808,0.6006183456009085
Sabotage ,0.8504935917314164,-0.7324682605589102
Black Hawk Down ,-0.07016668753073914,1.0031257801134839
The Muppets ,-0.38964257032787464,-0.16313801550233556
Bandits ,1.3558474905362121,0.3969658062440706
Sorority Boys ,1.4464312628951517,-0.569689481257317
Moonlight Mile ,1.407585454755877,0.3714904764757986
Remember Me ,1.1615269972034665,0.34927993442655897
The Names of Love ,1.4047195440837659,0.3898198342122263
A Simple Plan ,0.9138838153324288,0.9715340938214264
Mad City ,1.4997927327512186,0.3822478702957394
Stealing Harvard ,1.3225095693057114,-0.7936295841538159
Bridge to Terabithia ,0.8794291370452548,0.2938286878915923
Bad Teacher ,0.18016150435494488,-0.7602013903799681
TRON: Legacy ,-1.4100023190166104,-0.3923262825328977
Spider-Man ,-4.494485068906884,-0.6789574458277231
A Most Violent Year ,0.2564492689916596,-0.11340446915202111
50 First Dates ,0.7736491223484444,0.35512622991466253
She's Out of My League ,1.2677784510404546,-0.13816762019575998
Hotel Transylvania ,-1.9625347230966543,-0.9493519589764441
The Jungle Book ,-1.9137946436903646,-0.06424549789713203
Movie 43 ,-1.1137750296490967,-2.524856853824339
You Kill Me ,1.4019815117383012,0.0378707858370678
Clockstoppers ,1.3663071496302572,-0.6413004173593644
3 Ninjas Kick Back ,0.8558359064780469,-1.4305383864098333
Down and Out with the Dolls ,1.5803870852187403,0.09448692452694223
Hero ,-0.24274780606071808,0.6757749129770336
Freddy Got Fingered ,0.6858006834481075,-1.2675190300810755
Panic Room ,-9.71621719867877,0.01567388329948386
Fast Five ,-2.5230017319556777,-0.8741983794311233
Exorcist: The Beginning ,0.9367836891235887,-0.7275283764868214
The Tourist ,0.060488454287513024,-0.7420878241081805
The Royal Tenenbaums ,0.2972994769297752,0.805464576779249
The Young Victoria ,1.118857424314026,0.3438100334083254
Cop Land ,1.1254657685803597,0.6740509668705281
Daylight ,1.4752399024956542,0.11672385270617103
On the Waterfront ,-5.4443882794242775,2.899881979361325
Street Kings ,1.2045283041120403,0.08083716328737078
Opal Dream ,1.509673382627111,0.24281985683898485
Babe: Pig in the City ,1.5224736008335291,0.03223430350727887
Fiddler on the Roof ,-3.0831306318913447,2.3952893165502136
Connie and Carla ,1.5248283236721991,0.09773270839598137
Flyboys ,1.3531685061094265,0.25808145783914
Swordfish ,1.0885163376387736,0.203377397390541
The Saint ,1.3853304567868674,0.4045174117788956
Back to the Future Part II ,-0.4655149820227887,1.4504595405762937
All the Pretty Horses ,-1.507003896437108,-0.791626989206876
The Cat in the Hat ,-0.42548463316358126,-2.105683147479383
The Purge: Election Year ,1.2547486283639704,-0.4681310801255081
Tin Cup ,1.2322548573435053,0.6922610074858115
People I Know ,1.5039192010032145,-0.5519640534963887
Shadow Conspiracy ,1.3103112002885062,-0.9747145340260893
The Boy Next Door ,0.4555816955869416,-1.5995100537916729
Looper ,-2.934114978958687,-0.8114761527461202
About a Boy ,0.9879317293953939,0.5971975724905164
Argo ,-3.821637648662601,-1.0339601832851126
Pirates of the Caribbean: Dead Man's Chest ,-3.7812001210959294,-0.2568388875107188
Inkheart ,1.3452085462650325,-0.23886265180176042
The Gift ,0.6079907845288555,-0.0555424881227296
Mrs. Doubtfire ,-0.5209771913265572,1.1317802019629228
Lakeview Terrace ,1.3432150885848477,-0.21598158808892517
Ip Man 3 ,1.4369874408986472,0.2431511794388421
The Big Wedding ,0.222808010444754,-1.5781780083749164
Deep Blue Sea ,0.8356491068775573,-0.1862494006221565
Star Trek Beyond ,0.36688867639463324,0.09164498966339389
The Sum of All Fears ,0.86991077827769,0.19208355411217604
The Infiltrator ,1.5012129379002666,0.3291910577154189
Dragonball: Evolution ,-2.525013499119879,-3.350792944666464
Kansas City ,1.473014526860446,0.6302256370188152
The Four Feathers ,1.4189280787673517,0.3358859195125672
Mickey Blue Eyes ,1.507371551340579,-0.0411146725024376
Diary of the Dead ,0.37590847047948034,-0.6323141291494926
Deuce Bigalow: European Gigolo ,0.8592741524302103,-1.250889430936279
Hollow Man ,0.870840327797161,-0.18147756350745028
3:10 to Yuma ,0.3098896708478132,0.6387871520805974
Message in a Bottle ,1.3682054263996728,0.23881285270047925
Mission: Impossible II ,-0.9993988619003719,-0.05521621679125829
Are We There Yet? ,0.7554525658091729,-1.365524891742399
The Shawshank Redemption ,-12.92564079918115,2.764418311165247
They Live ,0.22692181464106861,1.0743904054271602
Kangaroo Jack ,0.6429226331410451,-1.458002752667107
Everyone Says I Love You ,-3.3425667165660573,1.2130369200964541
All the Queen's Men ,0.7765119114917849,-1.5149924442766012
Boiler Room ,1.2247999885267773,0.6166470828498862
Birthday Girl ,1.4383437647029667,0.018603874889498082
Full Frontal ,1.0412980980981543,-1.0475032270041462
Michael Clayton ,0.3854160463500216,0.37657038316828434
Behind Enemy Lines ,1.332560642964682,0.2431058493817824
Stolen Summer ,1.5085673571552654,0.33087763332701137
Gangster Squad ,-0.47903935518659174,-0.47658886544151363
Things to Do in Denver When You're Dead ,1.217651639769864,0.8675308566457741
Take the Lead ,1.4460816801307583,0.29842698979512094
The Great Raid ,1.420405322590479,0.40384406218541397
Bridget Jones: The Edge of Reason ,1.381077752070423,-0.1899578848659286
Don Juan DeMarco ,0.9715303403669348,1.0568592025826558
The Beyond ,-0.1406503754625794,1.0778930048445872
The Legend of Tarzan ,0.8050626280337612,-0.35566574552487173
School of Rock ,0.6817885362684453,0.5475862596518813
The Diary of a Teenage Girl ,1.3334236603019356,-0.03459108461817867
A Nightmare on Elm Street 2: Freddy's Revenge ,1.1405355080773454,0.14063301051455598
Fame ,0.9780213979075312,-0.9998050403243687
Two Weeks Notice ,1.2941439086317192,0.007620039742772426
The Negotiator ,0.9277523940986392,1.0940634959938922
Richard III ,0.7413673784574661,1.2430317834493332
Curse of the Golden Flower ,1.158589408639567,0.3541048235970351
Another Year ,0.8524348594885433,0.336513176906267
Scream 3 ,0.5611623942868836,-0.43781447238754
The Young Messiah ,1.15832495982457,-1.1201874820450688
Grown Ups 2 ,-2.470835335069893,-2.3142818852244447
Mama ,-0.6819965363623166,-0.7843332060774649
March or Die ,0.3446809814398386,1.5723722734296668
Terminator Salvation ,-1.0367873872139894,-0.3463436441749765
Four Brothers ,1.2998148164412733,0.40415097975282405
Beverly Hills Cop II ,-5.478471710048753,0.8116224731355346
Willard ,1.4007530074555694,0.02320246423624215
Peaceful Warrior ,1.3246231809390496,0.7356834902923745
Free State of Jones ,1.5180392092159791,0.0030611434437629284
Faithful ,1.6192730576131373,0.13915652234485573
Zodiac ,-8.445802620414199,0.028769970835768717
The Mortal Instruments: City of Bones ,0.9088390140140787,-0.5198193787296471
The DUFF ,1.395567044509595,-0.27779792296554884
Caddyshack ,-4.969833333391621,1.7146991046037485
Hustle & Flow ,1.1613294002842702,0.6425883237524405
Clueless ,1.1073322560106418,0.7576387095208484
Cube ,0.6242653914793652,0.890184665162044
Snitch ,1.0268936531856863,-0.2581729207603847
Yogi Bear ,0.356572002851074,-1.5024035948528247
Wanted ,-0.11561459114065231,-0.05680716016165676
War of the Worlds ,-7.887419512107713,-1.0443847355666354
In the Bedroom ,0.8269746200866724,0.8332107018696868
The Lost City ,1.360486571157886,0.5669961094241166
The Five-Year Engagement ,0.9771556248460249,-0.30757751798718547
Larry Crowne ,-5.227766848663408,-0.7542267425329
You Don't Mess with the Zohan ,0.7641800549590846,-0.6167098656880251
Driving Miss Daisy ,0.3296608436835779,1.3413367672188288
The Godfather: Part II ,-6.4643271337780295,2.533009610407828
Walking with Dinosaurs 3D ,1.0429740605156794,-1.039171402233967
The Big Bounce ,0.9574210992659167,-1.2719257686899605
Clash of the Titans ,-0.5406412116104737,-0.8142367285004022
Lawrence of Arabia ,-6.758788786636785,2.60935130661857
The Man with the Golden Gun ,-0.3857784162013827,1.6559947904037176
Scary Movie 2 ,0.6676297662437832,-0.8203356120653872
Miss March ,1.1633204898254286,-1.0184233032089405
Lost in Translation ,-1.163681517680951,0.6682509859846157
Muppets from Space ,1.445368786622743,0.1825640965359684
The Croods ,-2.3753876568890706,-1.1050647755473644
True Grit ,-1.6132219166380146,0.04368907615630863
Reign Over Me ,1.2185069492684264,0.6195953551263051
Deliver Us from Evil ,0.9343331093076999,-0.4339798194614227
Futuro Beach ,1.5042343464697088,-0.4085786797145446
Footloose ,0.7657609852247557,1.1119184801714557
The Hunted ,1.3854333642166365,-0.11534749056782367
Street Fighter ,0.21810029437180167,-1.818375266019797
Mad Max: Fury Road ,-6.402102442108337,-2.0941659848203633
Filly Brown ,1.2761026846563037,-0.9200012788481555
My Life in Ruins ,1.4434997666894858,-0.34429013264814695
Monsters vs. Aliens ,0.33640655062586666,-0.20626738602267825
Final Destination 2 ,1.006063672402252,-0.039355612353158334
Happiness ,0.22311423507889097,1.1810047032654944
Vampire in Brooklyn ,1.1222942055019136,-1.1268587958983318
The Host ,0.31319105559926763,-0.6855672055570958
Two Lovers ,1.1405394822188115,0.31757642087495336
The Shaggy Dog ,0.5214813041521362,-1.6364808394784516
Almost Famous ,0.38592939121435993,1.1657703301786957
The Rocker ,1.3200935338644364,-0.30753620462662684
The Straight Story ,0.6564593406571219,1.1062847275949603
Dream House ,1.1466529046962104,-0.4693149368667331
The Descent ,-0.4350263349668684,0.22840782687795994
The Hoax ,1.3815287972259327,0.2676271210473701
Whatever Works ,-2.410265380094082,0.6150793441685828
Assassins ,0.8814898629137061,0.79762820671968
Burn After Reading ,-0.13562728097864457,0.042484779651692284
Casino Jack ,1.4322721332534862,-0.29363251367656024
Woman in Gold ,1.1120502247386321,0.11755381927706847
The Godfather: Part III ,-0.46725560402062805,1.5326168354079304
Psycho Beach Party ,1.4732686344867092,0.22672216841296378
The Intern ,0.8218565168144031,0.04235453144695208
Knowing ,0.3339162095029009,-0.28949986141942585
Open Water ,0.2657436841658079,-0.5342068737696255
Survival of the Dead ,0.12012289639879817,-1.2101850203784115
Major League ,0.6579341532352133,1.277653769495038
Detention of the Dead ,0.15729410396219876,-2.012230013742274
Alvin and the Chipmunks: Chipwrecked ,0.005087770396965616,-1.7943838222298616
The Stepford Wives ,0.992404320579013,-0.7553752102149548
Fled ,1.5577129832999919,-0.3466006076800458
Oldboy ,-0.6533529547490259,0.9784879788088331
Out of Time ,1.4325500412274212,0.21889155685798836
Blindness ,0.9331434011522831,0.05832710576749901
Amour ,-0.724691305885452,0.2009733501026966
Escape from Alcatraz ,-0.5700542528348002,1.87625179021958
Run All Night ,1.0832771073218095,-0.24933490016209647
Dick Tracy ,1.1406604272980432,0.6024324351359552
A Low Down Dirty Shame ,1.63935541892055,0.2516098732918049
Bad Grandpa ,1.1032274879613941,-0.11452383292808191
Hercules ,0.7567652269723031,-0.5981831862805659
House on Haunted Hill ,1.1078045714192633,-0.2622610191637879
How to Lose Friends & Alienate People ,1.3841173624834011,0.0484875568159971
The Mask ,0.43026271469118504,1.0320844858409663
Lara Croft Tomb Raider: The Cradle of Life ,1.068329223932811,-0.5926223374140392
Fascination ,-1.1233785715657243,-2.8128508177679428
Breaking Upwards ,1.5716819993760274,-0.32096354273483824
Simon Birch ,1.2762246249095883,0.7561909631528786
Roger & Me ,0.374176282493297,1.4493907784358304
27 Dresses ,1.1804973170786492,-0.21249727201846333
Angels & Demons ,0.27281883086384495,0.08548323977626997
Zack and Miri Make a Porno ,0.6405843760619302,-0.08134807292262804
RED 2 ,0.9247065447656869,-0.19643089242787787
My Best Friend's Girl ,1.4996735597720319,-0.2967861136745461
Arlington Road ,0.9627197489192484,0.7489306718884429
Sphere ,1.2994669697196586,0.2108384786228003
The Lovely Bones ,0.3370864511562799,-0.018528059752781906
Prisoners ,-1.1983861749299083,0.32317604335502603
Lara Croft: Tomb Raider ,0.4235540669880672,-0.36205334951619983
V for Vendetta ,-4.4229008318881196,-0.37317733946837855
The Revenant ,-4.147348220826372,-1.0564105206365468
Over the Hill to the Poorhouse ,-16.580722096087516,4.6199688810082495
Monkeybone ,1.111374892278461,-1.0513833699804591
Last Action Hero ,1.1982890309039769,0.6302962722853058
Unforgiven ,-6.681563275418059,1.261615057245191
Locker 13 ,0.565481870636495,-1.733380317070509
Jerry Maguire ,0.33915711064927556,1.105294408006656
The Curse of the Were-Rabbit ,0.64016618464587,0.5512015141547312
Secondhand Lions ,1.1049663258197056,0.8643559579358034
Princess Kaiulani ,1.5992297700422504,-0.2960793976881801
Austin Powers: International Man of Mystery ,0.6048097047331706,0.6202372442841094
High School Musical 3: Senior Year ,0.5080847259642151,-1.4211059607639718
Steamboy ,0.8619183152291451,0.42114264010699043
Die Hard with a Vengeance ,0.31076031716297126,1.1898071519300821
Guardians of the Galaxy ,-4.808515991784419,-1.426792473972439
Blade ,0.6880498393616249,0.7497280817890996
Invictus ,-5.117354828712668,0.22764229887092263
My Bloody Valentine ,0.505135768640828,-0.7860242013789756
Mean Streets ,-10.603394455009983,0.8873190333126747
Deep Impact ,0.7269992698382688,0.14695881070068761
The Promise ,1.4366402573998538,-0.39964458575863515
The Big Tease ,1.5038345079803417,0.2996376727342772
The Basket ,1.4843099739063876,0.6048780595158856
The Cold Light of Day ,0.6613500907320352,-1.500191414417641
Fruitvale Station ,0.14225375159627623,0.08667157082499173
A Bug's Life ,0.3984799698675499,0.8231135380794804
Fatal Attraction ,0.17065105320925933,1.1677473391798783
Out of Africa ,-0.40636151723676994,1.6151966496352423
Magic Mike ,-2.4145475044382643,-1.7267317934910862
The Social Network ,-9.480126740241666,-0.6487737094588601
What Lies Beneath ,0.5052235119165279,0.39111021052724104
The Players Club ,0.45071198296976733,-1.0949148090809755
Planet 51 ,1.2484317851894862,-0.3523076291578086
The Long Kiss Goodnight ,1.2547551807507933,0.6892419670095241
Bobby ,1.0999484665302948,0.3218351392863571
Seven Years in Tibet ,1.0677901180105864,0.9334410256853644
The Departed ,-7.624677855965271,0.5159196383812581
The Machinist ,0.38535539804305036,0.7084242161318952
Sex Drive ,1.4521185100420066,0.15198042876087006
Amadeus ,-1.6219462749661595,1.9414728034294584
Promised Land ,0.9567010240156083,-0.17443545069376404
Payback ,0.8893448207409378,0.6543554230586038
Catch a Fire ,1.4196189779568427,0.20458470194317888
Brigham City ,1.145152344098276,0.9953020753634263
City of Ember ,1.3785441222429446,0.0022527595007983854
The Perfect Man ,1.4367720553222616,-0.5686238002340888
Unfaithful ,1.1292415920000483,0.4309872108056405
Big Eyes ,-3.496658084105113,-0.11915046841712709
Recess: School's Out ,1.3869055589162989,0.32323454271425656
Malone ,1.554066736117052,0.41183431734099446
Central Intelligence ,1.1495919438325963,-0.2590735295848641
Agora ,1.0840151495636026,0.4014816819040829
Battle of the Year ,-2.2012955028915875,-2.566831408883782
Cradle Will Rock ,1.251202626678439,0.7955485714080041
The Kingdom ,0.878763348014563,0.327459565316055
Gladiator ,-4.997366519814917,1.2193639067605158
Stuart Little ,0.8641250665142532,-0.10353817675542232
Phenomenon ,1.1587939582974738,0.6808667230238514
Torque ,0.1651904540250816,-1.9229527012121568
Body of Lies ,0.8412886842182955,0.32913551968133326
The Mist ,-0.2281753362466883,0.283742861879367
Fuel ,1.22034757086909,0.8920941896163521
Bloodsport ,0.9213222996110706,1.042915106627158
Joy ,-3.4095045516289244,-1.981946030673711
The New Guy ,1.524885961424397,-0.11404207320208118
Rugrats in Paris: The Movie ,1.316077000463825,0.016414611929983617
Raise Your Voice ,1.5334309195706346,-0.17421383055539752
Herbie Fully Loaded ,0.9066137693677191,-1.138098906533517
Mo' Better Blues ,0.9238556921967126,1.173881782056311
Brazil ,-0.8124323579815201,1.5527295751499288
Things We Lost in the Fire ,1.3077665165505212,0.47570720398052635
Disturbia ,0.5153311045990597,0.22078046256575612
Victor Frankenstein ,1.3116851436440404,-0.5175097279861358
Money Train ,1.5595166616830607,0.001332482704443914
Sanctum ,0.817095495225125,-0.5414231136615172
Police Academy ,0.5784640953808755,1.2329375850750877
The Possession ,0.5720609537592567,-0.6605163459080414
Indiana Jones and the Kingdom of the Crystal Skull ,-7.566852797025596,-1.2855748304596968
Alvin and the Chipmunks: The Squeakquel ,-0.7340052878063913,-1.8491506259016364
The Good Guy ,1.4949462406068155,-0.5542369935152835
The Scorch Trials ,0.7691074129102085,-0.305333416985935
Charlie's Angels: Full Throttle ,0.7065162237210022,-1.0578646932230407
Life of Pi ,-3.1217029716663873,-0.4639981093457577
Blackhat ,0.4771578331048159,-0.9950978246758639
Sorority Row ,0.9884696077136572,-0.975808752944818
Dudley Do-Right ,-0.012026821492029863,-2.1284491191685437
Knock Off ,1.2487118530003027,-0.8466266691251059
What's the Worst That Could Happen? ,1.4762895453563625,-0.34452571119440506
A Beautiful Mind ,-1.435501542889831,1.2211805375491855
Gran Torino ,-5.796857779861009,0.388309391236532
Crank: High Voltage ,1.2672931250052182,-0.2119426557412124
Madadayo ,0.48039377462205796,1.4531405014534726
Despicable Me ,-1.0186871348450552,0.32437541437015516
Harold & Kumar Escape from Guantanamo Bay ,1.330280611093736,0.07683516280830471
Tea with Mussolini ,1.1637730476556079,0.8145318291229905
The Legend of Tarzan ,0.8050626280337624,-0.35566574552487107
The Matrix ,-8.705154680467452,-1.2172630346320483
Auto Focus ,1.4308848209928013,0.3273796855385855
Albert Nobbs ,1.103270302732972,-0.053600473651369926
Diary of a Mad Black Woman ,1.4374019459461367,-0.38454308858771213
My Girl ,0.9709188036609594,1.0524767646085027
Kiss of Death ,1.5837213614582517,0.19992421385889603
The Broken Hearts Club: A Romantic Comedy ,1.2812484779954965,0.6972922136823291
The Soloist ,1.1438263610346369,0.05302939328616469
Enemy of the State ,-3.610258363691375,1.436483716722962
The Great Gatsby ,-2.0605525119732895,-0.36684651529387585
Hollywood Shuffle ,0.5500284137274664,1.3409019609853905
The Village ,-1.2206270108072639,-0.09740611770161273
Just Looking ,1.3794917656180161,0.71658185097999
Enchanted ,0.6757526980997342,0.3298298001175965
The Way of the Gun ,1.2688563006556228,0.48527547367146656
Walking and Talking ,1.182784997503189,0.8977941022496579
Kill List ,0.7645678124001418,-0.36061459799169865
Trust the Man ,1.4526453634083485,-0.39268117784673895
Troy ,-1.2194036835881035,0.7413372068003072
Disturbia ,0.5153041380327141,0.2208007544687654
Stop-Loss ,1.2563681262060395,-0.11637325631989899
The World's Fastest Indian ,1.00788177734723,0.9135339785568982
Who Killed the Electric Car? ,1.093748028968281,0.7604105835986341
At First Sight ,1.5287947888848548,0.11256809868268723
The Craft ,1.4083782462495762,0.34247124779621413
Bound ,0.9210722175745911,0.9686793761498665
Unbreakable ,-0.5267140226570058,0.47755234562820326
An American Haunting ,0.806097108888092,-0.9544131400728181
The Lone Ranger ,-0.9116699932136462,-0.5831800398329255
The Proposition ,1.0886144318423419,0.5747990757422083
Training Day ,0.5981520081848416,1.0820409507075648
Jefferson in Paris ,0.8003363190745384,0.593356288189863
Woman on Top ,1.424919133702633,-0.497075917776043
Twister ,-0.25051326442920685,0.38153170000349607
The Railway Man ,1.1813794887593212,0.09371960273805068
Dracula 2000 ,1.1104162159227982,-0.8405975999095646
The Wiz ,1.0514187522190583,0.8441098197688365
Wish I Was Here ,1.3990410833848748,-0.10285518488709387
Phat Girlz ,-1.601392456685806,-3.0621256708105054
Ordinary People ,-0.7257362483281126,1.9095139087880646
Fur: An Imaginary Portrait of Diane Arbus ,1.474654595287389,0.15549980541712383
Exodus: Gods and Kings ,0.07004323516607126,-0.5851409696985121
Jackass 3D ,1.076792138390398,0.2618131236351598
Pulp Fiction ,-10.938140786366507,0.9983959005757305
Glengarry Glen Ross ,0.2717215362724064,1.3024341286228316
The First Wives Club ,1.2522279085390953,0.4228034117300537
Son of God ,0.5217978900019389,-1.0442660819074907
Anchorman: The Legend of Ron Burgundy ,-17.68095962291743,3.135646845625651
Country Strong ,1.4334700685827186,-0.1545798235739214
Pieces of April ,1.0787399295728248,0.4412174672227717
The Ruins ,0.7953617845474465,-0.47091135951540436
Jason Bourne ,0.728095602484599,-0.024904679997388695
The Bounty ,-0.07644853005023274,1.7060043505460527
The Lazarus Effect ,0.8673450058898435,-1.1495813358814724
District 9 ,-2.185599319414532,0.3461778536899916
Tusk ,0.43198893809216643,-1.0865611203025027
Dirty Pretty Things ,1.0768312967685436,0.7120233799781607
Night at the Museum ,-0.13249666571247942,-0.17087019019128824
Big Fat Liar ,1.398355037911323,-0.5112905974837317
Prometheus ,-6.839706428318044,-2.252337760005254
Boogie Nights ,-1.099975541181973,1.2662103408897383
The Bridges of Madison County ,-6.722971056134771,1.0163452932792343
Epic ,1.0314211314425115,-0.13401350097295434
Man on the Moon ,0.9155495865959056,0.9212643702148083
The Story of Us ,1.4828012661652212,-0.017552507951205644
Flipped ,1.1186334847777384,0.6118288430813303
And So It Goes ,1.3145468923224284,-0.7024325056436207
Malibu's Most Wanted ,1.2063299626019501,-1.0307136365490934
Die Hard 2 ,0.238104266359768,1.1366653985896857
42 ,0.9691363853314413,0.3421785035180899
Victor Frankenstein ,1.3116851436440424,-0.5175097279861363
Darkness Falls ,1.0021654797695914,-0.8961144938475498
Trade ,1.278764275992395,0.730857284532945
White House Down ,0.19683666169713376,-0.39516246626264223
Fantastic Four ,-1.735388129822249,-2.256431747844599
10 Days in a Madhouse ,1.37926330064021,0.6751430449393756
The Big Short ,-0.8912684111917774,-0.07999772073757468
Limbo ,1.1474984145706206,0.9342939270257917
Flawless ,0.9103234148308743,0.4426130154935097
Good Bye Lenin! ,0.9342305026729099,0.8718178907267193
Cursed ,0.9842118361905637,-0.8933691619126664
Going the Distance ,1.3141964183856942,-0.18341767937292022
Invaders from Mars ,1.47704749788777,0.3385385743348034
Porky's ,0.6595775284122762,0.9931814054406352
Casino Royale ,-2.6296826154560997,0.48866616002308433
ParaNorman ,0.22859298320542057,-0.13482804749430863
How to Train Your Dragon 2 ,0.13209612570885676,0.3103569657704979
Gremlins 2: The New Batch ,1.2346358092640923,0.6394440490098927
A Night at the Roxbury ,1.3951660353096778,0.214764731493443
Kindergarten Cop ,1.0954854156969687,0.7016790781089692
Holes ,1.2226110327249489,0.6396395845677271
Lucy ,-1.7458077383171293,-1.0412972143398382
Mission: Impossible III ,-4.486377024148741,0.17319957840797348
The Son of No One ,0.6068285081334985,-1.6223220589626723
Doctor Dolittle ,0.7799249450183853,-0.6207112550229756
Under the Rainbow ,1.416903089963361,0.6646866787962721
The Pelican Brief ,0.6085299605262025,1.0582882663736228
The Alamo ,1.3603759825767567,-0.05066460178083811
Vacation ,1.0260743081708323,-0.6567785316811932
Set It Off ,1.117064609384387,1.0396906088824456
Beyond the Valley of the Dolls ,-0.895723466510893,1.5638104086098654
Diary of a Wimpy Kid: Dog Days ,1.4706407286980854,-0.1811039706038509
Aimee & Jaguar ,1.0967684027520594,0.9672877306963146
The Gambler ,1.2704958959754233,-0.44788642049959027
Steel ,-1.8012811495921641,-3.179337939662809
Scary Movie 3 ,0.6785231144588456,-0.6830352754040394
Chasing Liberty ,1.5126983819411606,-0.0064759511080262995
Step Up ,1.400565950648391,0.1233152284989717
Baby Geniuses ,-2.7406063177823343,-3.6305716992825245
Light It Up ,1.5975636803721316,0.06413449985797368
Jurassic Park ,-7.644096006060357,0.48922536882955475
Grown Ups ,0.5257673417463472,-0.6671103787571323
A Few Good Men ,0.02273290214992704,1.4135834096967779
Harry Potter and the Sorcerer's Stone ,-2.283011103142504,0.7412907872126908
Lovely & Amazing ,1.3183421946235045,0.5475011677360163
Cars ,-0.36637142335607087,0.40349772808514595
Kung Fu Panda ,-0.35430811023661,0.4424921375038526
Deadpool ,-4.330760761697563,-1.1526574297898482
R.I.P.D. ,0.8783371026510608,-0.8888811435080343
Batman v Superman: Dawn of Justice ,-7.979837873657359,-2.7390568309937438
Sherrybaby ,1.4758408314801494,0.19829270005985694
Paranormal Activity 3 ,0.45417422867533436,-0.6791025444801283
Idlewild ,1.536767819182296,-0.05575159522865424
The Butterfly Effect ,0.056074745437744614,0.8262734441591477
Pride and Glory ,1.31708908335825,0.20953222749702552
Valentine ,0.996434535288394,-1.0254331800049223
Be Cool ,1.269666568533211,-0.38576706579988435
Rushmore ,0.49483790277743356,0.9123781840757629
30 Minutes or Less ,0.9012972139194761,-0.4825976970516724
The Thomas Crown Affair ,1.0986223078559207,0.5528269823042564
Safe Men ,1.5157164893992496,0.21959240043243142
Alexander ,-1.6090610319272494,-0.9130005981827836
An Everlasting Piece ,1.564509300278369,0.3353349805160404
Living Out Loud ,1.4068904821286528,0.6430013970095135
Suspect Zero ,1.4469576566354476,-0.14821684694632511
Pixels ,0.4636088256848578,-0.9800144685716758
Creative Control ,1.240245372246329,-1.0117790345672175
Dead Man on Campus ,1.5373351636683725,0.1492328865299996
Point Break ,0.8636285203572757,-1.0426099256257215
What Just Happened ,-6.717577575546478,-3.295649122798248
Prom ,1.3057510137494361,-0.7679788830687233
The Illusionist ,0.39638614093002944,0.6427048198146506
Beasts of the Southern Wild ,-3.4189235136222464,-1.167252404184931
Wild Target ,1.5010525344119565,0.2128472300109375
The Secret Life of Pets ,-0.8597543394559195,-0.6147271981968416
This Is the End ,-2.307018706248186,-1.3035971018131203
Undercover Brother ,1.438626587288361,-0.2346275748253528
Hitman ,1.0420307744084112,-0.13245571284417207
The Lovely Bones ,0.33707597417744367,-0.018524595374355947
Intolerable Cruelty ,1.2632737454700276,0.061009906379898525
Paranormal Activity 2 ,0.4254328670631988,-0.6919724751281132
Pain & Gain ,0.18990146454566562,-0.38376450384742666
May ,1.3217515307913683,0.34257071681565193
The Spanish Prisoner ,1.0384353846927805,0.922999454515812
Identity ,0.7733920832066985,0.6393635015290003
Elysium ,-1.6551873521356606,-0.6991728926140837
Alex Cross ,0.6795722301330782,-1.0899398976611638
By the Sea ,-2.9008349265760667,-2.0626306094782034
Cry Freedom ,-0.3036287002886629,1.787534960773135
Planet of the Apes ,-5.525594250456259,-0.5657779764024546
The Lord of the Rings: The Two Towers ,-6.380404927021943,-0.17099682109414976
Straw Dogs ,1.169540759065652,-0.5392732866761281
Chariots of Fire ,0.013630680067019672,1.5589262942151083
Snow White and the Seven Dwarfs ,-11.056903305740772,2.968664761564272
Dumb and Dumberer: When Harry Met Lloyd ,-0.6641307870806162,-2.4236578004980114
Darkness ,1.3415308627384772,-0.43655281847984556
Safety Not Guaranteed ,0.47926921569432673,-0.06728766533970168
San Andreas ,-0.4154229534419666,-0.8072353670644695
Dinosaur ,0.7780493328647267,0.19684682434027206
The Bourne Identity ,-0.29240810406286166,0.9518941347324371
Alien 3 ,-11.140609454518573,-0.5576351339838809
Funny Games ,0.7418749660953452,-0.03984466834094965
Exotica ,0.9703171539002357,1.0819221204681344
Scrooged ,0.775867616779685,1.113613965346757
Copying Beethoven ,1.4458048360083025,0.33927503111431956
Cry_Wolf ,1.3293997239175404,-0.28056045730560586
Paranormal Activity ,-1.4776151856376099,-0.6185226587039027
Finishing the Game: The Search for a New Bruce Lee ,1.5381815048413972,-0.1341463039302948
Lake Placid ,1.1477327705318274,-0.32648061767556746
Iron Man ,-3.3828727583035834,0.05656144719128568
Winter in Wartime ,1.3788650889303309,0.3750029742466757
City by the Sea ,1.451412407423571,0.03645407952967746
Sarah's Key ,1.3011396481505557,0.49684964405648036
The Jungle Book 2 ,1.2351322674114746,-0.6170446974287063
School Daze ,1.2561819064238484,0.9247896121571518
Next Stop Wonderland ,1.3622684306588526,0.6894022320982746
Johnson Family Vacation ,0.28542696329003864,-1.9165408687425358
Amélie ,-1.2542473005652466,1.1385066033484283
Devil's Due ,-0.13213697066721772,-2.0686338403826485
The Sting ,-2.5659208241328466,2.2228534211814117
Bloody Sunday ,1.033263380835848,0.9480145205582938
Frozen ,-3.0896600896259367,-0.527666015427763
American Pie 2 ,0.703758397610187,0.26470727197520433
Tower Heist ,0.8816249382063077,-0.37619571703258814
Total Recall ,-0.10922977199537214,1.2353084906975453
Broken City ,0.5524086687666331,-0.5032348484226777
The X Files ,1.0010378133465088,0.7300831614234812
The Last King of Scotland ,0.5945739235221116,0.6837989315462277
Tank Girl ,1.4712746811081303,-0.3831190452622729
X-Men ,-1.3238761590716372,0.650728117874428
Legends of the Fall ,0.5365716594237308,1.336893836972274
Bolt ,0.6918939435024135,0.13628526846878478
Showdown in Little Tokyo ,1.4111329592450883,0.407973881254462
Human Traffic ,1.2065652567471123,0.8205187751226521
The Wash ,0.9778113229127154,-1.338466689450956
Ice Age: Continental Drift ,0.4675944802945578,-0.2684246454085039
Safe House ,0.425249690045913,-0.15720802088668775
Maid in Manhattan ,1.1282861654914838,-0.7409845417750317
I Served the King of England ,1.2919400487115418,0.6424110428732007
The Midnight Meat Train ,1.239910396096079,-0.27123927037116524
Annabelle ,0.1195643755824121,-1.0787670600291868
Bowfinger ,1.103915626064317,0.20364456864495806
The Flintstones ,0.6061447845097635,-1.015006809989406
Everest ,0.05050695826015181,-0.12780146295036812
Enough ,1.4474225640337341,-0.2792828212985751
The Darkest Hour ,0.6014310926626373,-1.2100965434100144
The Last Station ,1.2369015397121599,0.22715643205711752
Hellboy II: The Golden Army ,-0.0447344295367507,0.13351891197901447
Life as a House ,1.0474752959323606,0.9024265532138318
Armored ,-0.40575498061507176,-1.5959949865962868
The Holy Girl ,1.4483460257179073,0.3600625945650707
Kick-Ass ,-1.3055347954295988,0.2659342529633794
Captain Phillips ,-1.4221325055107705,0.16026762713451273
Riding in Cars with Boys ,1.4060636419375157,0.3733377894553178
Insidious ,-1.2588365996435533,-0.46414686600199884
Quigley Down Under ,0.29133322153244334,1.4553114644436629
Jindabyne ,1.5309475505399228,0.12658079751775694
As Good as It Gets ,0.14711567373562046,1.1617357492678908
Burn ,1.308025499364005,0.6352402826970699
Jennifer's Body ,0.0018869897288121597,-1.1247588357441995
Ravenous ,1.099771688985922,0.6586491695141171
Getaway ,0.34215612566474674,-1.714061359807879
The Imitation Game ,-2.9228623936177116,-0.3691465222805366
Poltergeist III ,1.3064990404498629,-0.6974870125382757
Love the Coopers ,0.06186679361388572,-1.4771204377766436
A Scanner Darkly ,0.6544999223290793,0.24896894932300642
Mirrormask ,1.355915417142095,0.3791768554903138
Licence to Kill ,0.8216400695812595,0.9328714680991318
8 Heads in a Duffel Bag ,1.5305555575920191,-0.37881101549160984
Big Trouble in Little China ,0.16085568465945893,1.1836656761776165
Big Miracle ,1.4689486097346713,-0.09538551129169374
Precious ,0.24856794568428767,0.2147681141917349
47 Ronin ,1.050381993229269,-0.32773179671776104
Married Life ,1.3741662766368787,-0.11190571971997786
One Flew Over the Cuckoo's Nest ,-4.4895609200190965,2.352508592642056
Street Fighter: The Legend of Chun-Li ,-0.40396100353283876,-2.3298541933681634
House of Wax ,0.5786664614277668,-0.7023723089856068
The Island of Dr. Moreau ,0.9806895109954044,-1.233718619434304
Thirteen Days ,0.8674831533298168,0.835103750087222
The Hunt ,-0.23238630915625305,0.5309369319027868
True Romance ,-3.8788735174004394,1.6711958079563687
Grease ,-1.0260851172890146,1.584348705149644
Disaster Movie ,-4.499260312504301,-4.2580294790314985
Man on a Ledge ,0.7181536344935427,-0.23055262040911934
Precious ,0.24857033642810578,0.21476705266209412
AVP: Alien vs. Predator ,-0.10764875356453428,-0.5763961216006149
Interview with the Vampire: The Vampire Chronicles ,0.07430300017489985,1.2085279307544858
An Unfinished Life ,1.386919175684116,0.4504627668395451
The Thing ,-1.9836562008058867,1.599752034767805
Watchmen ,-1.960083800796412,0.43350440332750645
This Is It ,1.2467311393560596,0.4790534207701171
Couples Retreat ,0.8823007931571488,-0.7501462352304695
Warm Bodies ,-1.4137084814395526,-0.5586203730502333
Confidence ,1.360950301437316,0.2957327790541133
Aliens ,-2.1743578818448768,1.7457095467783643
Buried ,-0.1888544300211968,-0.13611481645410262
The Monuments Men ,-0.20676733096170172,-0.8538595478528369
My Big Fat Greek Wedding 2 ,0.6959997018013285,-0.8643601998490446
Waiting... ,1.3702455359502779,0.311276092503835
Duel in the Sun ,-6.726548107595988,3.0659635887315124
Resident Evil: Apocalypse ,0.9386235892714448,-0.09706950902887823
Secretary ,1.0373962555835161,0.5403474382866686
Last Orders ,1.2938027082513268,0.7426289128210111
The Three Musketeers ,0.29934317716091224,-1.0585112796534437
My Fair Lady ,-3.919210695095102,2.606907226579194
El crimen del padre Amaro ,1.3806118720128537,0.5142095524010495
Final Destination 3 ,0.7001649095405547,-0.4789328808204503
Metropolis ,-13.753463268973025,4.767166868830935
The Quick and the Dead ,1.3183074324388335,0.5698444472325169
Friday the 13th: A New Beginning ,0.916970204670232,-0.4479149861372878
The Wedding Date ,1.4192615188493714,-0.10008755908486934
Poltergeist ,-0.4473916936574115,1.3770411397114088
The Cabin in the Woods ,-3.615840284531821,-1.3923346401356504
Hot Pursuit ,0.8430136082515661,-1.198847038391715
Oliver! ,-2.4980218266799312,2.3637923414038826
Batman & Robin ,-1.544228312394393,-2.064312439492006
Bulletproof Monk ,1.3598967203485268,-0.44296925174869317
Pirates of the Caribbean: On Stranger Tides ,-1.551258320003218,-0.5414151991373995
Vamps ,1.0627355228130986,-1.2127305017544785
Something Borrowed ,1.3419435261614558,-0.42451015631102856
The Color Purple ,-6.442548965644632,1.4588791926653772
The Mighty Ducks ,0.4876628007007157,1.0662299723257285
The Apparition ,-0.028127051377330188,-1.988022076655066
Exit Wounds ,1.3840946237713234,-0.35189892900133407
Harry Potter and the Half-Blood Prince ,-2.5580710622869822,-0.3958681659532841
The Other Side of Heaven ,1.5132417298148386,0.49265892135140804
Land of the Dead ,0.3775735935943923,-0.3319546659131581
Caravans ,-0.20415958277678536,1.7682540006318244
The Ides of March ,-0.7247439901907681,-0.30618485594170014
Transformers: Revenge of the Fallen ,-3.690498329514232,-1.2835955284952683
The House of the Devil ,0.8674159776736324,-0.21825360484591322
License to Wed ,1.0910543974273619,-0.9633416667002411
Dolphin Tale ,1.3520964430433138,0.14010099268628004
The Beach ,1.1074414122641145,0.483371740122076
A Christmas Carol ,-1.5854514291231163,-0.9962261428662523
An Alan Smithee Film: Burn Hollywood Burn ,-0.3032081069143099,-2.3267245250235775
Get Rich or Die Tryin' ,1.133783330436123,-0.8591931915592622
Furry Vengeance ,-0.2533988393914836,-2.246810028210993
Dawn of the Planet of the Apes ,-1.9066913439301363,-0.16868013036860893
Project X ,0.7371946597883704,-0.11789345411659398
Split Second ,1.394230397368147,0.5679868574463145
Collateral Damage ,1.3063134137791768,-0.35754685525141994
Extremely Loud & Incredibly Close ,0.5872763833379605,0.012268897679396103
Catch Me If You Can ,-4.762510581685642,1.0420992948508567
Baby's Day Out ,1.547137181630498,0.31682802243228936
Alex Rider: Operation Stormbreaker ,1.179136838285113,-1.0447028343734368
Serendipity ,1.0071318952308839,0.4613820162325524
Our Brand Is Crisis ,1.4254964156808776,-0.4129131770174504
Hope Floats ,1.4871574743927352,0.11143147312959521
Winter Passing ,1.593513628306071,0.029233425081295974
Adaptation. ,0.11669541549816109,0.6435615229885044
Slam ,1.0638108235300996,1.0243942155845338
Snowpiercer ,-1.3623782508975315,-0.4679304363204473
Finding Forrester ,1.0129949443690882,0.8743203339489938
Gone Girl ,-9.510658315113924,-0.01891684196061457
Sinister 2 ,0.8009461203704287,-1.0933203712757258
Love Ranch ,0.7257889436238357,-1.1881346705965343
Charlie and the Chocolate Factory ,-4.5665938022972545,0.051540636515517595
Pretty Woman ,-0.005999987624149223,1.1422985903409935
The Twilight Saga: New Moon ,-5.585263301205255,-3.206085523453771
The Change-Up ,1.1226433709923216,-0.2084496883285545
Gamer ,1.111478699437814,-0.520007996080181
Saving Mr. Banks ,-0.2488075458752323,0.04047641573370078
Romeo Must Die ,1.4657447840386064,0.16569677215085715
Burlesque ,1.1971535390054275,-0.14834593113429112
She's the One ,1.5095481782966131,0.3094712549187832
Shattered Glass ,1.1897887364497195,0.557405887881457
The Last Emperor ,-2.0234254549086694,1.880584723497597
September Dawn ,1.5292687324124579,-0.325558652304076
Hotel for Dogs ,1.1931808065618263,-0.7914753247621231
Battleship ,-0.49583307798256093,-0.8041374117886226
Trainspotting ,-0.7033414115504181,1.3069032047038593
Get on Up ,1.2929715877173817,0.12253125436031931
Alien ,-4.312332059862728,1.9238248937720657
The Limey ,1.0984800430694819,0.6604284655134905
Minority Report ,-4.794543061309685,0.832035186850721
Brother ,1.2048698913343343,0.7883082112571047
Sparkle ,1.1999497465823736,-0.9040158844318464
Milk ,0.25885367465890396,0.4778791878080686
The Conjuring 2 ,0.45129881106860964,0.30899881243513044
Evil Dead ,-2.500417346977823,-1.2072483832078775
Hercules ,0.756765226972302,-0.598183186280567
John Q ,1.2198261739356533,0.5964279830369293
The Act of Killing ,0.559095056435147,0.5819376190633215
The Abyss ,-0.3980023146666636,1.6056330851386142
Splash ,0.8319892976857861,1.2070242240413127
Salvation Boulevard ,1.0919829467240911,-1.1523878196935662
The Bounty Hunter ,1.1515529828610902,-0.67218387364684
The Perfect Host ,1.4141804563108666,0.1296061202925028
Sky Captain and the World of Tomorrow ,1.0282414210572488,-0.15695426310605687
The Princess Diaries 2: Royal Engagement ,1.380803812172157,-0.361415710409272
Shanghai Knights ,1.262873592888723,0.023243898765921398
Vanity Fair ,1.3475071882085126,0.09685835653515738
I Love You Phillip Morris ,0.8234049050930746,-0.06781930788331697
Madagascar ,0.04003762223145723,0.2958468667989332
Saw 3D: The Final Chapter ,1.013936664356295,-0.6556264791775791
The Crocodile Hunter: Collision Course ,1.4200434815015652,-0.5011960270024327
Katy Perry: Part of Me ,1.4331834519606867,-0.44508949422547056
Tropic Thunder ,0.1513610407533522,0.17515607112856685
The Rules of Attraction ,1.2929455083484716,0.35737470863040804
Monsters University ,-1.141184516494603,-0.14011759489742803
The Lake House ,1.0469766705106354,0.22687357318099993
Maurice ,-0.2637236107139437,1.7942305981458164
Smoke Signals ,1.072150617697649,0.8879336553036622
Play It to the Bone ,1.4220003816749953,-0.3435916010823382
The Switch ,1.2362188830615628,-0.31437341045053835
Headhunters ,0.48499634784430085,0.292743719905239
From Hell ,0.8634790341537545,0.40653785150793087
The Broadway Melody ,-13.38407686457728,1.6882265465745472
All the King's Men ,1.3279676545070553,-0.05152963475191606
The Grudge ,0.4726304014211885,-0.3292196739244808
Punisher: War Zone ,1.3562468435153863,-0.28249573515675824
Major Dundee ,-2.5106893507988786,2.2960258994923537
A Civil Action ,1.3593484575060149,0.4409524711040111
Sweet Sweetback's Baadasssss Song ,0.8430188279785582,1.17731247189552
Sydney White ,1.5435806779328294,0.0013715447934481765
Men of Honor ,1.0992956871607757,0.821861441811291
Dark Water ,1.0374592830554406,-0.5000329428067525
Match Point ,-2.427426209839924,0.9875300896354996
Aloft ,1.174258821138891,-1.0670231189237995
College ,0.7630700181531505,-1.495097239887947
Maria Full of Grace ,1.040129901643826,0.6794771092367647
The Angry Birds Movie ,1.1671285628711723,-0.41555814297355
The Ant Bully ,-0.7846713747524611,-1.416062032865034
American Sniper ,-7.167734773716109,-0.9160154863888049
Post Grad ,1.205837387238072,-0.8911819706976534
Home ,0.6795443684147672,-0.23269114534131397
Henry V ,0.11345341027109943,1.6247369002245198
Maleficent ,-1.5361285545322223,-0.5319519038094764
Pompeii ,0.4507872770684136,-0.8499705201325863
Superstar ,1.2857025577988317,-0.8347006515803057
Joe Somebody ,1.5134230953761494,-0.35179181291287404
Beloved ,0.17599152733282786,0.40408548044275405
Contraband ,0.8035534961723395,-0.27128187376490814
Infamous ,1.311128589362746,0.4510888148284438
Teenage Mutant Ninja Turtles II: The Secret of the Ooze ,1.2637115501444665,0.3985062976039439
An American Carol ,0.30433052302318486,-1.9043836770248994
Anatomy ,1.5079658670952525,0.1469694950178381
Flushed Away ,1.079671708976534,0.11030835872073505
Back to the Future Part III ,0.11408349489527977,1.302932955529855
Das Boot ,-5.395836408128712,2.2407045617753116
The Girl Next Door ,1.1737625959671705,0.42137422208754816
Super ,0.814199813890717,-0.009545146746130226
Tristram Shandy: A Cock and Bull Story ,1.3336648146373047,0.2789664056473333
Ondine ,1.4516950963498774,0.2041459512819581
The Help ,-0.6593307465165152,0.5042404321471122
Georgia Rule ,1.50177268085368,-0.30334129424981027
X-Men Origins: Wolverine ,-0.574062389368987,-0.1833169004553828
Jeepers Creepers ,0.5674424837147071,-0.07554408673068791
Peeples ,0.8907681935796435,-1.3775983699480077
Happy Gilmore ,1.0002079272906426,0.8287865454705308
Lincoln ,-5.23183421632146,-0.471229115513997
Screwed ,1.5158804367797762,-0.26407284592455343
American Reunion ,0.4014946080659954,-0.23826523938195376
Bringing Down the House ,1.0470036725344087,-0.5282494823166081
A Madea Christmas ,0.5991158325154338,-1.611070919937204
3 Men and a Baby ,-6.22005792244872,0.24697302253016123
Made ,0.7785965751774343,0.6883364477253561
Rendition ,-1.9921062620492827,-1.3105290582592999
House of Wax ,0.5786405751329011,-0.7023629851742353
Chappie ,-0.261161452348091,-0.3157945902487236
The Happening ,-1.10136160728382,-1.4057693842313497
Miss Congeniality 2: Armed and Fabulous ,1.136072992390214,-0.8856132869074549
Notes on a Scandal ,0.7421611903758214,0.46813611797707705
Paycheck ,1.0712172649937826,0.07552656872703523
Halloween ,-2.5428443422702074,1.5509255021679078
In the Company of Men ,1.0284489848479064,0.9111707499498877
Silver Linings Playbook ,-5.411658766631832,-1.8913261839878728
In the Name of the King: A Dungeon Siege Tale ,-1.0861255091737503,-2.2901089716966117
15 Minutes ,1.3234675924399968,0.007641529579559383
Courageous ,1.502720317150443,0.5789577575282764
Dark City ,0.3637697997426249,0.9400473443454971
Wonderland ,1.4337394402585308,0.32073951336701395
Eye for an Eye ,1.4973848088158268,0.3585773551278231
The English Patient ,0.37503051689080485,1.1891016746604304
Dolphin Tale 2 ,1.5310269651372392,-0.18838848097237748
Scott Pilgrim vs. the World ,-0.5204391198906704,0.21517215905253032
The Fault in Our Stars ,-0.3770153860791823,0.280597944081017
Radio ,1.3752293365522126,0.5149170470200902
W. ,0.9067919525602908,-0.09951516884149542
Black Snake Moan ,1.0978374063249376,0.34274858177491496
House at the End of the Street ,0.8501145420083012,-0.794189115405583
Harry Potter and the Order of the Phoenix ,-1.2114556709330442,0.43988848547355697
Hellboy ,0.4713693963561455,0.3758114233358372
Inglourious Basterds ,-7.97308330652449,-0.222114739394898
In the Heart of the Sea ,0.6262984347333156,-0.051344405116480654
Ghost ,-0.496288754596783,1.1868480102408043
Atlantis: The Lost Empire ,1.0894271353431182,0.39921401177144683
Tae Guk Gi: The Brotherhood of War ,0.7879488754069359,1.188084604473132
London ,1.6553574569416278,0.17507872821938644
Sunshine ,0.06465965498000734,0.3150629515162402
Grudge Match ,1.1028010405537145,-0.30667112153245324
Rubber ,0.4581199258212346,-0.7212212542172587
Shame ,-1.2803155033302556,-0.26071466600412396
Rabbit Hole ,0.7545867818352612,0.08163842030241374
Wrong Turn ,0.9180937616909775,-0.16947301321310063
Lethal Weapon 4 ,0.9056249965810919,0.5478216132949605
Annie Get Your Gun ,-4.93215287933387,2.9586825762903652
42nd Street ,-11.008544582233744,3.3827752973370724
The Taking of Pelham 1 2 3 ,-3.186506938444586,-0.13001864784647305
Love in the Time of Cholera ,1.3666234991442765,0.13013671690381184
Starsky & Hutch ,1.1072874207653032,-0.154508255343233
Star Wars: Episode VI - Return of the Jedi ,-4.473562358802347,1.9299539343644276
The Bone Collector ,1.2578630621476214,0.6219666813483278
A Nightmare on Elm Street ,-0.7280483984038857,1.237318631210295
Weekend ,1.1625709334689904,0.5366628014678444
Saving Silverman ,1.4898463508649253,-0.05310704355183552
Love Jones ,0.8820055841434806,1.1799143095070277
Wyatt Earp ,-1.369289927720153,1.3173538643181266
Hanna ,-0.6481620111320217,-0.31259254681168
WarGames ,0.27431089799056246,1.4203671158540112
Red Eye ,0.6112627674232286,-0.025634491770409055
Session 9 ,1.2461253072385232,0.2835514953808938
The Haunting ,0.5161253353028136,-0.8571749664799586
Cloverfield ,-3.029088701108204,-0.7047761908377279
Hannah Montana: The Movie ,0.18624307379026012,-1.7781559459292102
Man of Steel ,-7.0027009633101835,-2.4497543264454213
Paul Blart: Mall Cop ,0.9818167765265952,-0.8665808766975582
Freddy's Dead: The Final Nightmare ,1.271207076685611,-0.5290770432297657
Star Wars: Episode I - The Phantom Menace ,-9.167183669158021,-2.3470568215014542
Moonrise Kingdom ,-1.6368798066917039,-0.14176694953010827
Shark Night 3D ,-0.5209905619835602,-2.051970514106081
Nurse Betty ,1.2900915879272565,0.147242373370831
Mr. Holland's Opus ,0.5850953148532169,1.2833329231677686
Race to Witch Mountain ,1.1959497552214253,-0.5732434677363645
Curious George ,1.2720979968971822,0.08784836816322178
American Hustle ,-4.483490770372831,-1.8220160695356769
Dark Shadows ,-9.323926780929932,-2.644567575124855
Seven Samurai ,-7.840487942290735,2.888652524392266
Howl's Moving Castle ,-0.3056545801669356,1.2864327197124361
Insomnia ,-9.999445012574132,-0.10108882556372205
J. Edgar ,-5.729960966756603,-0.5756847114773146
Drop Dead Gorgeous ,1.3725419419262919,0.39672192672560025
Bottle Shock ,1.419877765226754,0.23028377515938997
The Alamo ,1.3603759825767558,-0.050664601780838085
Y Tu Mamá También ,0.7838816628169297,0.8857281719210693
Gossip ,1.512803389054355,-0.21426376677831266
Spice World ,-0.7517528840340237,-2.5429848849832997
The Color of Money ,-8.821453315860667,0.8236588904288384
Thir13en Ghosts ,1.092208369996174,-0.39973852084046885
Jumper ,0.4949366628525052,-0.3710415927447661
28 Days Later... ,-0.36404581417974446,0.7760045156016039
The Adventures of Sharkboy and Lavagirl 3-D ,-0.6497790573324466,-2.52301690176658
Spider ,1.1809357512899767,0.37528153120953534
Malcolm X ,-1.043802965164088,1.6872622187849289
The Secret in Their Eyes ,0.444977921923356,0.7733796003698212
On Her Majesty's Secret Service ,-1.4429314218574376,1.834625602598279
RoboCop 3 ,0.48178254927784947,-1.5657140983716369
Million Dollar Baby ,-5.631693091824899,0.7503679120359825
Real Women Have Curves ,1.3025842929523597,0.5434479560378673
Repo Men ,1.1636187882218425,-0.17186768677490313
Excessive Force ,1.5375988848600175,-0.4752944947967939
Brick Mansions ,1.1524574434986643,-0.7344006547118871
Wrath of the Titans ,0.127401121789166,-0.7622036025258822
Mission: Impossible ,0.02991368631368839,0.8465355745712164
Up Close & Personal ,1.4763157034917578,0.4967037049909138
The Thirteenth Floor ,1.181966827082215,0.6402146333313589
Carrie ,-0.23309125292980343,-0.8966630777526473
Transamerica ,1.0801847698706248,0.5690637308292609
Glory ,-0.12478205914640747,1.6874527920271518
Armageddon ,-0.6490387310137954,0.6096684207015951
Very Bad Things ,1.3266019731696441,0.314643386635614
The Proposal ,0.5327707372254763,0.01778731771043096
The Damned United ,1.1611247106083187,0.5439098276205301
White Noise ,1.0787008566307599,-0.5411040549128561
Six Days Seven Nights ,1.441608993859843,-0.11582475008523378
The American ,0.15075907554507553,-0.42291546937373437
Under Siege 2: Dark Territory ,1.5048826840883767,-0.20031981427051182
One Hour Photo ,0.7512983260338599,0.2666038180283886
12 Years a Slave ,-2.8790986976162474,-0.30165161199242346
Say It Isn't So ,1.2522754208591456,-0.8600103589388183
Sunshine Cleaning ,1.04853737957666,0.1498561023240923
Selena ,1.2451944917500788,0.8319371889817494
The Collection ,1.2025528917611774,-0.4347988928726084
Hollywood Homicide ,1.2887447393847569,-0.5809470201477595
One for the Money ,1.0686263906860602,-0.9452929692910156
Made in Dagenham ,1.2041443244027425,0.28271743994100423
P.S. I Love You ,1.1950342663322668,0.4901058538560287
The Longest Ride ,1.3910811562862997,0.192161155122767
On the Road ,0.5290332975040868,-0.7285649673175707
The Jackal ,1.2505800175827946,0.44910191376779274
GoldenEye ,0.6269058463267482,1.0106250177252825
The Widow of Saint-Pierre ,1.1675239669389483,0.8888660953839098
Fun with Dick and Jane ,1.1064548645635175,-0.17090769970666453
Shark Tale ,-2.890283294459565,-1.8109765042964152
The Unborn ,0.6588869364713198,-1.262359900779416
Mercury Rising ,1.4952002838684806,0.21522115763260916
Skyfall ,-5.782694115801799,-1.8785322269139229
Troop Beverly Hills ,1.5891506608890973,0.31359798269706346
Undisputed ,1.537247253866669,0.009293282542928662
Safe ,0.7891001857096187,-0.3175266864774672
She's the Man ,1.424528060692467,0.10716952330945669
Courage Under Fire ,1.2219527405198014,0.7110837005073883
Le Havre ,1.0266727485059999,0.2125354038870336
The Lunchbox ,1.0287827134399758,0.4514083762569438
40 Days and 40 Nights ,1.3099886182343012,-0.33510851333621416
The Boss ,0.9621307708320113,-1.042386038815161
Disclosure ,1.2100924220821476,0.5132391461425566
The Sweet Hereafter ,0.811939292894688,1.078846674513358
Down to You ,1.2830708206350554,-0.8345253161240445
Joy Ride ,1.2756495230540923,0.29081754160117396
Come Early Morning ,1.5792619821998906,-0.016955939062446777
Rock of Ages ,-0.2964589231135019,-0.8241575415553645
The Loss of Sexual Innocence ,1.5359788803340593,-0.39393932975542495
Sunshine State ,1.1232545411961787,0.877567906753138
Beverly Hills Cop III ,1.5557152123622389,0.013747217355133002
Taking Woodstock ,0.27824890095938437,-0.2011851110380913
Next Friday ,1.4979127539008867,0.12873771223769948
Where the Wild Things Are ,0.10888441458496224,-0.11653458258666846
Can't Hardly Wait ,1.3702463128686577,0.4316729258095088
Footloose ,0.7657609852247536,1.1119184801714563
Eulogy ,0.9422733918213385,0.5698849954568251
Resident Evil: Extinction ,0.9258589578950134,-0.17459567722850197
The Terminator ,-2.338653257379888,1.6462677006675885
Cliffhanger ,1.1516871353050995,0.732162706453767
Elizabeth ,0.8770345739847719,0.9795458989772963
Did You Hear About the Morgans? ,0.8123446115858357,-1.3161672298721734
Enough Said ,0.9239039576422189,0.0474683655339754
Blonde Ambition ,-0.14669530646705173,-2.2594676687032482
L.A. Confidential ,-0.2831338250640079,1.393787667386522
The Heat ,0.44787670141447067,-0.27066425437625236
Summer of Sam ,1.1533666900009334,0.6322884995189981
Vanilla Sky ,0.2590108455447619,0.6599988126470486
She's All That ,1.3982066064456768,-0.11751221716387723
Close Encounters of the Third Kind ,-7.4018043780714615,1.3577053595982012
Dead Man Walking ,0.7413486141344011,1.209965235128234
Pan ,0.7448075392003821,-0.8016145784738449
My Big Fat Greek Wedding ,-0.25272956016280557,0.1470749710087045
Dragonslayer ,0.5454218247541284,1.3543781308418634
The Adjustment Bureau ,-0.567946266359445,-0.1558834149903723
Coraline ,0.19878256418751825,0.4459762339350152
Lords of Dogtown ,1.30981927929382,0.48658761651521587
The Omega Code ,-0.4015418298308978,-2.2871091725121024
Adore ,1.3817194883500556,-0.3239876468429903
Extreme Measures ,1.4852669243835421,0.41335913816263065
Paul ,-0.034759566215611416,-0.05561298910850454
Indiana Jones and the Temple of Doom ,-6.841924919284005,1.1612486753321876
The Last of the Mohicans ,0.38131635779169015,1.3833088062710228
Cheaper by the Dozen 2 ,1.0604400940750227,-1.0049237840009464
My Soul to Take ,0.7972508271893068,-1.2378451254556555
The World's End ,-0.7346285688633787,-0.3485108689192009
Corpse Bride ,-4.15007767410759,0.39910986493173434
Southpaw ,0.45761309034531217,0.19343862312400795
House of D ,1.329254652277021,0.6888782927138415
My Cousin Vinny ,0.5906372426666319,1.3286716657549693
Cleopatra ,-7.132938757042642,2.0428807859189098
The Whole Ten Yards ,1.3672184170637776,-0.6573667230476045
The Good Night ,1.5219048079418327,-0.30224915599414925
Ca$h ,1.5632632242247133,-0.5116855876234471
Serial Mom ,1.1843847108836727,0.7965588265371426
Deconstructing Harry ,-3.1104075638740745,1.3446306795701048
The Work and the Glory II: American Zion ,1.611120726877065,0.3854664783130591
Just Married ,1.3544259792205446,-0.49117854759316765
Clerks II ,0.9646765009914561,0.5249500744475979
Disturbing Behavior ,1.3971113875368215,-0.33275681319432254
All About Steve ,0.8777831568798486,-1.2615634621686689
Best in Show ,0.44823159533847046,0.8536399219219021
Alone in the Dark ,-3.584643013014823,-3.766398242544483
Apollo 13 ,0.021982201913054708,1.2282246390060545
Inside Deep Throat ,1.3064215057852309,0.2711999359067259
Do the Right Thing ,0.1644210859327767,1.5081583184255651
Taxi to the Dark Side ,0.5630230513767117,0.6654140076498785
Freddy vs. Jason ,0.11051679363997065,-0.4785538207952237
Wicker Park ,1.3349825192991318,0.5275791602762496
Unfriended ,0.3872604526952844,-0.8610631482950851
Running Scared ,1.1650831921590727,0.5939192517842135
Inside Llewyn Davis ,-1.6811731162019885,-0.3386056687771109
Timecop ,1.4913417615005344,0.16824222628972457
Step Up 2: The Streets ,1.4503194330337745,-0.10766219205056667
The Spectacular Now ,0.985194373940777,0.07327481293124839
Harry Potter and the Chamber of Secrets ,-2.4122153835825277,0.36976053838698436
Religulous ,0.8310089566986479,0.5746166735102578
In Dreams ,1.5021440535288892,-0.2777230472355929
Chernobyl Diaries ,0.022132717566283773,-1.308466719111002
Bee Movie ,0.7883965223254168,-0.24125354276071861
La otra conquista ,1.1870167108751473,0.7417749369132646
You Can Count on Me ,0.9359263472187885,0.9562632038429167
Young Frankenstein ,-1.5973269188598527,2.0250309829238087
Kevin Hart: Let Me Explain ,1.433524991705426,-0.09708707229696482
The Sea Inside ,0.8491406678749585,1.0109824762712585
Hart's War ,1.403034707767069,0.20206087920229435
Four Weddings and a Funeral ,0.9179454038664352,1.0078392363850779
Children of Heaven ,0.10333368586945724,1.5236331566672658
Brothers ,0.9451270453729291,0.1803382928523169
The Crying Game ,0.7514634543321892,1.189659575464091
Oscar and Lucinda ,1.182626295560315,0.9779834624538444
The Best Man ,1.2194568979032976,0.9038494793685998
The Salon ,-0.15723068903972504,-2.185150822067472
Oz the Great and Powerful ,-3.9153583671239414,-2.068164440174649
The Texas Chainsaw Massacre: The Beginning ,0.9623722782995598,-0.4204967991255858
Desert Blue ,1.5615312386888478,0.2818875786596929
Jimmy Neutron: Boy Genius ,1.322552093424866,-0.05607707582105923
The League of Extraordinary Gentlemen ,0.7940301143256171,-0.3239753676912019
A Mighty Heart ,1.1897348778689154,0.11849030604989973
Jason Goes to Hell: The Final Friday ,0.9177948780576727,-1.0749563677372944
The Interview ,0.1846202471202877,-0.33535678496735477
Random Hearts ,1.1491675797259577,-0.6607040458930545
Carrie ,-0.2330937008220067,-0.8966612653364017
The Princess Bride ,-0.8914441836891522,1.5038980020686972
Psycho ,-11.092599591323559,0.8443358907807564
Walking Tall ,1.3672988272045066,-0.06421116677985525
Apocalypse Now ,-6.151614366812182,2.1161444771546543
The Scorpion King ,1.0435748149091515,-0.4975003697423375
The Road ,-0.11213546812256632,0.06039625219932764
Ender's Game ,-0.8648561383982534,-0.5651338727713627
Minions ,-1.8106150086555737,-1.003019727080373
The Campaign ,0.5345427142840999,-0.4877068002811058
The Sticky Fingers of Time ,1.4555744676845943,0.49137540596260276
Dangerous Liaisons ,-0.13969327688521294,1.6717524026459916
A Most Wanted Man ,0.7238471825234405,-0.16611632945140717
The Grudge 2 ,0.8660276366236658,-0.8860833510204242
Dave Chappelle's Block Party ,1.2887231192939868,0.5639423517983942
Labor Day ,1.0866470044144108,-0.026544282230475023
The Best of Me ,1.468821681560289,0.02479125357025407
Kundun ,-7.30937256270684,0.1817571750414135
Yes ,1.3966615896023182,0.4492024513043608
Good Boy! ,1.2916070435640934,-0.8357845450128014
No Country for Old Men ,-2.719301834331748,0.34605115016754107
The Peanuts Movie ,0.6709489349586164,0.013110529441672724
The Brown Bunny ,1.1689380013934143,-0.7945345175215689
Molière ,1.3591462476809966,0.6089347867421667
Punch-Drunk Love ,0.25731048542731433,0.503661306509193
Haywire ,-0.690548362648532,-1.1043033189725855
Soul Surfer ,1.3972755255583083,0.2692997520581562
Tales from the Hood ,1.4981150452138474,0.4072185534376029
Before Midnight ,-0.5984410541427528,0.16416827498448672
The Replacement Killers ,1.4724224262131018,0.14853494403766906
Margaret ,0.4261491085980639,0.11761518954292005
The Scarlet Letter ,0.7716472287549557,-1.078832241430722
Meet Dave ,0.9981437794034042,-1.0772277104684302
The Sixth Sense ,-4.112873555193643,0.8220115141210728
Man of the Year ,1.44082744089777,-0.10029467940034768
Red Cliff ,1.0777439780649867,0.6201842518579141
Traffic ,-0.46509495356376657,1.0011091142737263
Isn't She Great ,1.4590459876971995,-0.47050477841294414
The Age of Innocence ,-7.823998982188906,0.23502757088417245
Impostor ,1.4693900652342153,0.11665812316701243
About Last Night ,1.4185419986328789,-0.46891195007166203
Step Up Revolution ,1.3791864215866678,-0.1148570372576259
The Game of Their Lives ,1.624425544649154,-0.0574381498506179
The Fugitive ,-0.22724921483543964,1.3641156587978092
Zero Effect ,1.234736432172996,0.7718145210617476
Hereafter ,-5.607014190868361,-0.41642844841112214
No Escape ,1.1292606702275285,-0.09592378922217708
Alive ,0.8913692093673045,1.1657880561120397
Universal Soldier: The Return ,0.5757555574546802,-1.5906914270500894
Transporter 2 ,1.134047593570238,-0.07126311747185521
Die Hard ,-1.9118731630963106,1.573508491233289
Lucky Number Slevin ,0.6805181537072926,0.7283815780309189
Spirit: Stallion of the Cimarron ,1.0869494387140262,0.46797858332934145
Once Upon a Time in Mexico ,1.0779530025115873,0.06926347869548223
He's Just Not That Into You ,1.0493545029693345,-0.0768614654276336
The Next Three Days ,0.7971116795749761,0.42772128975810547
The Funeral ,1.3573282456005922,0.6638028722932928
The Night Listener ,1.1725017710023058,-0.45454110762840977
The Perfect Storm ,0.022999707585136895,0.20580586921628743
Witless Protection ,-1.5726136070457897,-3.1130032210050227
The Majestic ,0.99530615244832,0.6707948402747018
The Hunger Games: Catching Fire ,-3.7680161562453525,-0.837703779492097
End of the Spear ,1.4204479748624652,0.554999068840019
RoboCop ,-1.6376385648526117,-1.0921076568023746
The Importance of Being Earnest ,1.2843642812508445,0.45006247224115303
Mortal Kombat: Annihilation ,0.04279647975109982,-1.954710234768427
Held Up ,1.359676179692269,-0.9035289518821645
Battlefield Earth ,-4.573836245257518,-3.685615572467859
Rabbit-Proof Fence ,1.0813257493658095,0.835673677339974
Jurassic World ,-9.272754379604153,-2.058144930702931
Texas Chainsaw 3D ,-0.14147948525095488,-1.483942388992665
Warlock: The Armageddon ,1.5816490522684035,-0.17538430297809068
A Lot Like Love ,1.4292942265268964,0.23241317931738584
Fahrenheit 9/11 ,-0.37830033825637477,0.5776139275461083
Hoot ,1.4437299376816877,-0.5330953258568321
The Rage: Carrie 2 ,1.0826215238690418,-1.0294793080814235
Premium Rush ,0.7639230341166674,-0.30238801491451994
Death Race ,0.9957927264674908,-0.1258573940004433
Home ,0.6795434660571541,-0.23268998948073435
The Perfect Game ,1.48837425577039,0.44349744069374203
High Tension ,0.5316797872929863,0.1724447986597366
Lost Souls ,1.1775190623871568,-0.925641073533066
Being Julia ,1.3485794804185063,0.5381642353756072
Slackers ,1.3328293240732916,-0.71404568847411
The Lucky Ones ,1.4525838787286363,0.4464570684613848
The Horse Boy ,1.3214003718838274,0.6492631901697932
Ex Machina ,-1.993783959578811,-0.2988614884323658
Les Misérables ,-3.9163919636620586,-1.350122479391924
The Kid ,1.4609986646395987,0.1114907171088682
Fifty Shades of Grey ,-3.6493440032595266,-2.7469670483494486
Daddy Day Care ,1.2326059380316787,-0.5088286375681943
Terminator 3: Rise of the Machines ,-1.1789545547193827,-0.0574079977656707
Sahara ,1.2574280969367047,-0.17954542823777278
Sex and the City 2 ,-0.48442315175928236,-1.735548780938528
A Thin Line Between Love and Hate ,1.667084437008297,-0.17065979628571137
Gridiron Gang ,1.437506728468898,0.43002434210057283
What Dreams May Come ,0.9091185615904374,0.6672360063288335
Lady in the Water ,-0.0028857107255038056,-0.6727887437472244
Elf ,-1.161721450771923,0.12118763835799322
Son of the Mask ,-3.496767053219224,-3.9030464341125106
The Road to El Dorado ,1.2353221582082516,0.5598702764209909
Halloween 5 ,1.2755047471318504,-0.16235689854148616
The House of Mirth ,1.1435585621410331,0.7886285928301038
A Perfect Getaway ,1.306532252804805,-0.12080957644797875
The Fog ,-0.15359631007719374,1.0678175690049962
Waitress ,1.219563666468175,0.38157491280575284
Mad Max 2: The Road Warrior ,-0.5507975074099706,1.511870294205267
Madagascar: Escape 2 Africa ,0.5089893420203331,0.0490536481793662
Beyond the Sea ,-7.512077137861021,-0.4506615931532061
Waiting for Guffman ,0.6694407044656061,1.1615598874018793
The Fast and the Furious ,0.2642372558538791,0.26142478073284053
Special ,1.348238861734046,0.3577917460719746
The Rookie ,1.2342976114374817,0.6340484838242078
Little Boy ,1.4282270657778453,0.39014836147697474
Nebraska ,-0.5437031998135983,0.14461952590634777
Legend ,0.7863953081198016,-0.041397994990231536
Vantage Point ,0.7670541211341777,-0.10124614862409378
Valkyrie ,0.5198094739611214,0.30327970483850797
Shooter ,0.8289987960050683,0.5391930424474884
Moneyball ,-2.416367014662872,-0.6120364610793338
Conversations with Other Women ,-0.36584863156563063,-0.012154234909324716
Running with Scissors ,1.4181746234655488,-0.007302298618975641
Flatliners ,0.9547909267022793,1.0657451742888424
Little White Lies ,1.3058257665445059,0.3890030355318293
Cats & Dogs ,1.1138805003695027,-0.640021534125742
Kill the Messenger ,1.3598616144654447,0.07972949240928998
Dreamcatcher ,0.8920709123910927,-0.4293605525415866
American History X ,-2.8775759187581262,1.343851905413631
The Internship ,0.8827841979961727,-0.32492214310718287
Space Chimps ,0.6239390388527936,-1.547123925459753
Rambo: First Blood Part II ,0.36560229657405247,0.91910502194135
Silent House ,0.6956979289377623,-0.9408761164030641
I Want Someone to Eat Cheese With ,1.5250841455413822,-0.13269109138259724
National Lampoon's Vacation ,-4.62630487525566,1.6528804152116778
Center Stage ,1.3972179497871677,0.5420422949177297
Walk the Line ,-0.04017538203588823,0.8375694187451094
Friends with Benefits ,0.6925366971056813,-0.14120543675680014
Yentl ,0.31869792351159065,1.512290717176064
Ira & Abby ,1.599944207582261,0.15950158424815772
I Love Your Work ,1.4563533754037894,-0.7694968713701698
Shrek Forever After ,-0.07062343642081144,-0.36738034482825344
Imaginary Heroes ,1.297224198218158,0.7047498949131378
The Roommate ,0.7958947580590031,-1.3068784787625194
The Words ,-1.27963606563566,-0.9482041372790248
Glitter ,-3.9062236774970676,-4.059524303586569
The Last Temptation of Christ ,-8.044276699260122,0.7864142629614982
Stuck on You ,1.437916695779084,-0.1912458382931888
We Own the Night ,0.985497352925272,0.21702499041945744
The Twilight Saga: Breaking Dawn - Part 2 ,-4.363084323765827,-2.615392812699024
Signs ,-2.6299948835765856,-0.06250612068488053
Bad Lieutenant: Port of Call New Orleans ,0.667838545160815,-0.031977544039552185
