movie_title,PC-1,PC-2
Kingpin ,-0.10170450181607782,0.09649089638992378
I Know What You Did Last Summer ,-0.07565868787501893,-0.03285198160301439
Wicker Park ,-0.07019987976939839,0.050963311037116106
Shakespeare in Love ,0.05092050355979941,0.06574947747828078
Fatal Attraction ,-0.04241939812495125,0.11433598617576715
Scary Movie 5 ,-0.19801841154534233,-0.23282951894360973
The Santa Clause ,-0.10195288968154761,0.05719783474011895
Rugrats in Paris: The Movie ,-0.17607969796534073,0.023616366938416802
Megiddo: The Omega Code 2 ,-0.3060736662474892,-0.057851334257135616
Kick-Ass ,0.39244942309659536,-0.10200204007811918
A Nightmare on Elm Street ,0.10217897990145763,0.08075400000519511
The Whole Nine Yards ,-0.04348812112163936,0.020468389393250137
One Night with the King ,-0.16152051544180407,0.0333783292184479
You Again ,-0.13845502433324816,-0.049612327561887076
Hide and Seek ,-0.03858357948043876,-0.06905805158344187
RocknRolla ,0.07645895653266652,-0.021776079117954743
The Quick and the Dead ,-0.13729004828023125,0.07322688200040946
The Fast and the Furious ,0.1543525936193605,-0.03128838684813612
Teenage Mutant Ninja Turtles III ,-0.2383272830630047,-0.008875817476176339
Bad Grandpa ,0.004612164543290106,-0.0674348154221174
88 Minutes ,-0.07305272594293297,-0.06058123776368009
Connie and Carla ,-0.14462711995619004,0.01752046326124328
Triple 9 ,-0.0043593183313914464,-0.11008861573569022
Bride of Chucky ,-0.1600770981671255,-0.03273055751547774
Monte Carlo ,-0.13870631867130268,-0.05576029089281072
Hoodwinked! ,-0.061936156355768233,-0.026011531959977477
This Is the End ,0.39087697868740123,-0.25318056478954976
House on Haunted Hill ,-0.09564126140727272,-0.03953829341721517
Holes ,-0.03379434513943272,0.05085731760910843
Urban Legends: Final Cut ,-0.22851781841478225,-0.1037077535983097
How to Deal ,-0.20255404851066444,0.0027712532174133386
Predator 2 ,-0.0956990462780343,0.05850669743304708
Double Take ,-0.23666511328355555,-0.005632757716250679
The Bridges of Madison County ,0.15638480313374556,0.5657300067376216
Honey ,-0.1711308661098218,-0.049917235683915116
Dylan Dog: Dead of Night ,-0.1564319665613036,-0.10706757488107896
The Princess Bride ,0.12740555232195966,0.13160825102910045
Buffalo Soldiers ,-0.09486218338673699,0.0444911238794656
The Homesman ,-0.007834083760108204,-0.07739318422151727
Three to Tango ,-0.1581415986321016,0.02403482299238509
Soul Surfer ,-0.03974208495675808,0.0001275232370051881
Ramona and Beezus ,-0.1134188216843147,0.004399177044411562
The Woman in Black ,0.23878930862607906,-0.2269027823749994
Lucky Number Slevin ,0.12679198135643374,0.023285646729769093
The Thing ,0.2032373896367703,0.11433606707512772
Big ,0.0048549531666392046,0.14483139227189382
Keeping the Faith ,-0.0524693102963379,0.006812092319279102
About a Boy ,0.00733552340970591,0.031059560273162645
3 Ninjas Kick Back ,-0.3245941925709246,-0.009690704855531668
Warriors of Virtue ,-0.2875820932276182,-0.015954333818268482
Last Vegas ,0.06291228742804766,-0.09945487267160968
Goodfellas ,0.5113927300617421,0.6363203719848658
The End of the Affair ,-0.09041334934556218,0.09093277300559134
Dances with Wolves ,0.11752044548687735,0.19232085642888902
Star Wars: Episode VI - Return of the Jedi ,0.33491506592750486,0.15443976043069343
The Bridge of San Luis Rey ,-0.2520519583972285,-0.013938909379661628
House of Sand and Fog ,0.02327121059708238,0.058478200787386025
The Longest Ride ,-0.011362611714949879,-0.01719733667477269
Bad Teacher ,0.0724604625914966,-0.17040770271882413
Valiant ,-0.17994834575891444,-0.043816636524258455
Diary of a Wimpy Kid: Dog Days ,-0.11438506334711124,-0.032216052336385456
My Soul to Take ,-0.14701991247346669,-0.13691632817826824
Mrs. Doubtfire ,-0.007265668939828107,0.0887178020253292
Marvin's Room ,-0.07670420175136058,0.03734776308307973
Big Trouble in Little China ,-0.0024785283009167167,0.09990385601275935
The Naked Gun 2½: The Smell of Fear ,-0.13084841469261135,0.11072715060409648
Midnight Special ,0.04277021606996704,-0.10174577360157866
Chill Factor ,-0.2161590211432652,-0.015542045863588566
Anonymous ,0.08744295652547589,-0.06803064478999206
L.A. Confidential ,0.1826034135863881,0.12178859385580242
Furry Vengeance ,-0.24860202785079158,-0.16718258060291216
Jimmy Neutron: Boy Genius ,-0.15438209091904295,0.004567348075066004
Crazy in Alabama ,-0.1880045728386887,0.06645933602203467
The Wedding Planner ,-0.1383247558325461,-0.05116907164587092
Southpaw ,0.20267387669151782,-0.07602014470117155
A Simple Plan ,-0.01991079461082846,0.09125586689952983
The Kite Runner ,0.055071406399719317,0.028757885211402077
Manderlay ,0.011182959731439089,0.13265112838723908
City of Ghosts ,-0.1958258511849882,0.03594931703109384
Jonah: A VeggieTales Movie ,-0.1725413192723234,0.054429874189714275
The Notebook ,0.196418477968962,0.05922570454788974
Safe Haven ,0.03181042269477189,-0.05625185214667242
The Constant Gardener ,0.10041157889796372,0.018568989603644864
The Conjuring ,0.48176336621901705,-0.23399900271901775
Punch-Drunk Love ,0.09724666971467621,-0.01085592819534479
Money Talks ,-0.18639873858514078,0.06626537935401916
Baby Mama ,-0.08025480632925176,-0.06515702623955996
Step Up 3D ,-0.06531771650292707,-0.05096223133632706
The Imaginarium of Doctor Parnassus ,0.0999231914504729,-0.08835189549495459
Ride with the Devil ,-0.09275791226622451,0.07469409414049732
Without Limits ,-0.13831398247287016,0.12583488898166528
Because of Winn-Dixie ,-0.1159240023067094,0.002517053767052713
The Hunt for Red October ,0.021925972325985872,0.14666785571730492
Leap Year ,-0.07163060520357407,-0.04018137854690318
Agent Cody Banks ,-0.19394342178272767,-0.0557771517572997
Disturbing Behavior ,-0.1730849645278263,-0.016060418658372676
Predator ,0.138056225258031,0.1129897915037693
Groundhog Day ,0.2859065446569342,0.42029563703413675
Reindeer Games ,-0.1122276598353551,-0.010832014689924539
The World's End ,0.26139567452814566,-0.1528976997594955
Remember Me ,0.027747900400316793,-0.0077861779975170915
Selma ,0.20667435859887606,-0.11514456437036948
Cool Runnings ,-0.12255637188130747,0.11835688819829307
Delivery Man ,-0.049011889431411965,-0.07230456893138296
Slow Burn ,-0.20291466855897622,0.003535406062052465
Reign Over Me ,0.0194749094897477,0.03115716997928361
The Conspirator ,0.009895624118923748,-0.03508711677672786
Why Did I Get Married Too? ,-0.2397809407853948,-0.10360642639665532
Birth ,-0.07145673747220686,-0.037650347564594226
Vamps ,-0.2254212382082199,-0.07657525426795946
Broken City ,0.04580331647157754,-0.1425038025286739
Mandela: Long Walk to Freedom ,0.03296874569922972,-0.04172858849802122
Men of Honor ,-0.02662228490686623,0.07433905527656501
Match Point ,0.2976108222189201,0.2893525606054342
Dance Flick ,-0.27971827859994747,-0.16894423690934246
I Don't Know How She Does It ,-0.14307296658381172,-0.14595551790503114
The Silence of the Lambs ,0.3562028726052806,0.16833380645036097
Freddy vs. Jason ,0.06402590665109065,-0.11874957106142209
Faster ,-0.007201848114004204,-0.06890584877296144
Parker ,0.01485183518701498,-0.1057996453912399
Romeo Must Die ,-0.11476662534364408,0.02444150268058565
Flight ,0.3600706372566542,-0.1746117821442209
Twilight ,0.3230543975978767,-0.2561242313769466
Must Love Dogs ,-0.10823096671690233,-0.0407790663835566
Kung Fu Hustle ,0.18760337758572837,-0.05466075517216219
The Shipping News ,-0.06990143261664356,0.049700085544245695
Rapa Nui ,-0.2109066796443279,0.10721857797296827
The Mask ,-0.03592403506807433,0.10492318418704512
A Guy Thing ,-0.17891523499107242,-0.022165174727242783
Larry Crowne ,0.16919537277082952,0.302715551088588
One True Thing ,-0.1090189250734329,0.0950129105426691
The Cell ,0.03873226980742341,-0.023868994174634096
Get on Up ,-0.0020562647763428185,-0.03515731288547431
Rob Roy ,-0.11247248411451537,0.11680189987660994
Vampires Suck ,-0.23108846387840187,-0.2033698827654698
Glory ,-0.025289955032233642,0.1884507714105108
I Still Know What You Did Last Summer ,-0.1576723689917912,-0.08162352035359013
The Prince of Tides ,-0.14334129247860708,0.1195167495197857
Knocked Up ,0.17809998249509396,-0.05214589803644434
Down to Earth ,-0.18949496373552943,-0.020556364748551312
Pitch Perfect ,0.11745535650660131,-0.06124538848307946
The Addams Family ,-0.09108266846591986,0.10757599255838218
Death at a Funeral ,-0.0008317197117368811,0.010045033342838492
Max ,-0.08094011422216554,-0.011978366381735807
In & Out ,-0.12373911118269801,0.032288491692490276
DOA: Dead or Alive ,-0.19481085899154638,-0.09873724253168074
National Lampoon's Vacation ,0.04158496469170708,0.47982521368954467
A Cinderella Story ,-0.14232244805019545,-0.009868389017934548
The Bodyguard ,-0.12024185834215656,0.07672912327777959
Kiss the Girls ,-0.09526223523092454,0.05908785575341595
Dodgeball: A True Underdog Story ,0.05179553363967335,-0.035282478280398724
Ghost ,-7.090046331148514e-06,0.10978336541459294
Arlington Road ,0.007460896346727908,0.05311311059212746
Contraband ,0.07189178566447514,-0.11305488593047228
This Is 40 ,0.08757584086096522,-0.13505215972038184
The Adventures of Elmo in Grouchland ,-0.22329024516244197,0.020777964447559534
The Net ,-0.1684525628317135,0.04509113518319856
Brazil ,0.12223729383050946,0.12870913899722936
Warm Bodies ,0.2902840554048025,-0.21112776467891536
Stomp the Yard ,-0.16045226403595864,-0.06900864382692488
Nacho Libre ,-0.05771373969702802,-0.0794792250430186
Just Married ,-0.14839485994735907,-0.041163971650020004
Poltergeist ,0.07267766827422856,0.11131630268784104
Bon voyage ,-0.12547028071068958,0.059114231703019215
Bride Wars ,-0.10015518586758945,-0.10498944787300452
An American Haunting ,-0.14112354101880487,-0.08799246953618844
Idlewild ,-0.13751621651668786,0.0010645313448529488
Ace Ventura: When Nature Calls ,-0.10126199881057314,0.0592269270927524
Hot Fuzz ,0.23444924176074253,0.017736024437577914
Wing Commander ,-0.2449894644087445,-0.08597437660863465
Pineapple Express ,0.12059179680285512,-0.04189527554466193
The Fog ,-0.02358489611122712,0.08134333048227169
Bridge to Terabithia ,0.0757495051191214,-0.02904232473282394
From Dusk Till Dawn ,0.05305025993062656,0.06059421455645196
Three Burials ,-0.0026381234768835388,0.029106989619869243
Beverly Hills Cop ,0.00749579582989484,0.1345014215926712
Texas Chainsaw 3D ,-0.030183976156660318,-0.2240193922198017
The Quiet American ,-0.04457144474944462,0.03556373773859193
Love the Coopers ,-0.14937255107974004,-0.08619054500918508
Conan the Destroyer ,-0.1753520584209544,0.0866869407215633
Hit and Run ,-0.06712978877157624,-0.08879086132944128
Our Family Wedding ,-0.2137982839202596,-0.08939537622899636
Abduction ,-0.09364859050865035,-0.13613940305578626
Toy Story ,0.2203459673558536,0.11698670198408367
Little Women ,-0.11104671358555322,0.1381611318535442
The Yards ,-0.1215811879109299,0.03599788923854616
A Scanner Darkly ,0.04793985975807053,-0.03320167909417987
Deconstructing Harry ,0.0627796797543663,0.39309835095649565
Into the Wild ,0.30011370783998825,0.0012950993594362248
The Place Beyond the Pines ,0.2798613711383482,-0.1371734089697304
A Simple Wish ,-0.25307235192171923,0.02175719659589372
12 Rounds ,-0.13923403352445346,-0.05831726720161898
A Walk Among the Tombstones ,0.05321004360909005,-0.11149492297471833
Pushing Tin ,-0.16226488369964265,0.04300418548002729
The Blues Brothers ,0.03641345525320326,0.21969191860722306
Can't Stop the Music ,-0.30083022465435005,0.069432378594256
Idle Hands ,-0.16649931182730854,0.04072532869665364
Peeples ,-0.22299076491449868,-0.07039588580299828
The Animal ,-0.2114255592356758,-0.059830024155573036
The Good German ,-0.07107335908710316,-0.056898051147691114
The Men Who Stare at Goats ,0.058416703500967934,-0.11935268813045759
The Pirates Who Don't Do Anything: A VeggieTales Movie ,-0.21834421955074956,-0.020255675964282495
Shadowlands ,-0.1300348129653273,0.1563541303747655
The Right Stuff ,-0.02253568988586037,0.23310820943860858
Speed ,0.03769813752397883,0.08992339126377381
Loser ,-0.19380295887243107,-0.019306832866748964
The Nutcracker ,-0.2580151954842147,0.07031063560839348
The Texas Chainsaw Massacre: The Beginning ,-0.03786716247493592,-0.07546318792929073
Black Nativity ,-0.27415770583207677,-0.11298778507474733
Psycho ,0.394563247795559,0.5980623032018779
Dragon Wars: D-War ,-0.24644378367740688,-0.15288925867884423
My Fellow Americans ,-0.17775938943198452,0.08742407875383351
The Grudge 2 ,-0.12283248534474554,-0.08298768300176461
Zoom ,-0.26859185718035145,-0.1107361698925431
Hotel Rwanda ,0.13129078374743203,0.0660320765259072
Drowning Mona ,-0.17822593328871977,-0.009407058876279233
Saving Mr. Banks ,0.2731148437316437,-0.14329987301808889
Harley Davidson and the Marlboro Man ,-0.21258810415783683,0.08234221798596042
Vicky Cristina Barcelona ,0.2565405330445992,0.24089928399734456
The Good Night ,-0.19818559425416885,-0.007318651833509049
The Hills Have Eyes II ,-0.12788174192491367,-0.11202400975945956
The Salton Sea ,-0.09207534236540561,0.07742277564829914
The Possession ,0.014434476179725195,-0.152343784437884
Black Rain ,-0.12974919700136256,0.11415806243696375
1911 ,-0.16410840656569547,-0.02013875363684559
Assault on Precinct 13 ,-0.06184378373562394,-0.026134180654846503
Extraordinary Measures ,-0.0855175472130886,-0.030624184577245615
Friends with Benefits ,0.10857020816783804,-0.09616162626668667
30 Days of Night ,0.11097046922226513,-0.08976970470881891
Lee Daniels' The Butler ,0.19647910952251635,-0.10508179312507383
From Hell ,0.044555553575299556,-0.0022234361132442357
Switchback ,-0.17629618397128768,0.08101697404686445
The Baader Meinhof Complex ,0.016389226908458232,0.043231011839799716
Confidence ,-0.08989928580229525,0.021865174882439102
The Big Lebowski ,0.35017943511348815,0.013132768503581409
Agent Cody Banks 2: Destination London ,-0.2535810814776388,-0.07659307211530925
Clockstoppers ,-0.19208215059624623,-0.012850157892069926
Home Alone 2: Lost in New York ,-0.05770616222740295,0.09584760232536842
The Crew ,-0.21819327703768265,0.0032008708732294104
Gran Torino ,0.6076294054372638,0.38014409130273663
Home for the Holidays ,-0.15995942322993725,0.08742699963117243
The 5th Wave ,-0.05424833794242794,-0.16823448621319692
Ella Enchanted ,-0.11466197605350581,0.0031328105804930666
The Best of Me ,-0.07419166618153136,-0.01598222353348015
Deuce Bigalow: Male Gigolo ,-0.14232049017446272,-0.010657547170430038
The Pianist ,0.25671755344233954,0.16079036091212698
Post Grad ,-0.18405445365160195,-0.07610300850166529
W. ,0.02780216219961353,-0.07742002245847263
Laws of Attraction ,-0.1592845838782856,-0.017025022198158483
The Object of My Affection ,-0.16495264746111554,0.036155153963651154
Pan's Labyrinth ,0.38064566951051954,-0.054476719433925236
The 40-Year-Old Virgin ,0.14093034662833515,-0.012020252788271672
Goal! The Dream Begins ,-0.09248690698670978,0.0377824762953605
Joe Somebody ,-0.20566386459089142,-0.005799907787778648
Willard ,-0.10977368102540956,-0.010756775471002834
The Assassin ,-0.03629117124762219,-0.08942778353032277
Jay and Silent Bob Strike Back ,0.03731225528787652,0.004123351691882639
When the Game Stands Tall ,-0.12355805877933529,0.006650046795687575
Moonrise Kingdom ,0.36748636114492617,-0.179145770385953
Boat Trip ,-0.2294784063053617,-0.047060265443026265
An Unfinished Life ,-0.07432592511970648,0.04889164963588208
Grudge Match ,0.009235695262366459,-0.09667552994380683
Blindness ,0.018128950387584563,-0.04509829130760646
Double Impact ,-0.22046239491075892,0.055776365783447426
Dumb and Dumberer: When Harry Met Lloyd ,-0.2792263999214651,-0.14674015940974824
Don't Be Afraid of the Dark ,0.01409524061157489,-0.16783883057292143
Left Behind ,-0.18100375953217057,-0.25950980823378933
Nurse Betty ,-0.06853873936922394,-0.003804929081364764
Identity Thief ,0.0765641696467997,-0.17560671229804553
Stolen ,-0.15895037403435483,-0.07533985540138544
A View to a Kill ,-0.09297295666345294,0.09673492988779452
The Replacement Killers ,-0.1246146959732991,0.037235187448044806
The Good Thief ,-0.10820144057896044,0.03794739924815711
Larry the Cable Guy: Health Inspector ,-0.34331924162047656,-0.15216680222110907
The Reader ,0.17603101288146905,-0.03203868294275814
9 ,0.07311672447598327,-0.07010973200985453
The Sisterhood of the Traveling Pants ,-0.08321553312064862,0.021559758835757222
Her ,0.5334894510155553,-0.22046258530794663
Paul Blart: Mall Cop ,-0.10937236967359194,-0.11604736056826045
The King's Speech ,0.47767932544253633,-0.14523655785653913
Where the Heart Is ,-0.09100713426859941,0.06043364763175144
People I Know ,-0.2216599609554567,-0.002008669247755071
Atonement ,0.21767895255944114,-0.025481173890998722
Welcome to Mooseport ,-0.19241343213623557,-0.043966956612363925
Taken ,0.3297454368756877,-0.04961493797236888
The Express ,-0.0694877565841033,0.05456242816607296
The Newton Boys ,-0.17370868416441237,0.039333669782624855
John Q ,-0.0011693268010964444,0.043981187161581295
Spy Hard ,-0.2471906772568564,0.016271588093294792
Mystic River ,0.4241842704583656,0.4766951171578567
Good Boy! ,-0.22867080583787558,-0.041548046829428385
Wall Street ,-0.03178712056334942,0.14518714777874878
Burnt ,-0.01331615572360528,-0.08011397056005262
Life as a House ,-0.030248215708046512,0.08677870247150063
Sicario ,0.3585305126683012,-0.16310211610197034
Austin Powers: The Spy Who Shagged Me ,0.10450288657745851,-0.031379458012990566
Roar ,-0.2002003484819515,0.1478226353232568
Vampires ,-0.10328661497000227,0.011561253750493081
Nim's Island ,-0.09665171829248,-0.059477578231503694
Species ,-0.13413965006330306,0.021455572249775477
On the Road ,0.051282744335025346,-0.13468769959670546
Eye of the Beholder ,-0.19283667624527573,-0.04077403638332623
Radio Flyer ,-0.17039794226071636,0.1546079118287764
Open Range ,0.04090271441935524,0.05084770753025715
A Bridge Too Far ,-0.08478160071563486,0.2303934169089819
Ghost Ship ,-0.0954685231726215,-0.061386590468465604
The In Crowd ,-0.26379611284345617,-0.041490298242509764
Urban Legend ,-0.14087269462163315,-0.018728968028917714
The Borrowers ,-0.2108420899809842,0.034863127938901645
The Fisher King ,-0.04082748805969656,0.15009635360279913
Tombstone ,0.0014755992903099785,0.15243211450140415
And So It Goes ,-0.14778957849555693,-0.08578278453942874
Here on Earth ,-0.23534488777875573,-0.01750361486457251
Money Monster ,0.04664361806651378,-0.1258155134310967
Winnie the Pooh ,-0.03972018490964762,-0.020245667929042845
Hearts in Atlantis ,-0.054739582818218835,0.031714817662453675
The Tigger Movie ,-0.1457560598279104,0.018394133396452475
Dark City ,0.10585627259701658,0.05421705377447239
The Last Emperor ,0.0058460704904157584,0.2411994423710787
Fled ,-0.23617428048490038,0.02269426936005454
The Fifth Estate ,0.0035125899144108595,-0.09688189197389828
Aladdin ,0.1000373000931075,0.11603056653000637
Topsy-Turvy ,-0.04134211786136861,0.12065006168109685
Apocalypse Now ,0.3675196762885563,0.20461941268800965
The Number 23 ,0.045337519165840154,-0.06106165097122041
Crocodile Dundee in Los Angeles ,-0.2283306367206853,-0.051798741279224084
Unforgiven ,0.3225692640467401,0.586225919170078
The Hurricane ,-0.029432386501138087,0.13290885839667255
The Help ,0.3990764277316071,-0.09858741068598098
Beerfest ,-0.10429397536454803,0.009189412938542658
Howard the Duck ,-0.2320187130814474,0.010803325154190824
Machete Kills ,0.003239543066212422,-0.172840608256725
How Stella Got Her Groove Back ,-0.2148953791049309,0.02946285132652266
Hocus Pocus ,-0.1405928596242877,0.10824924166645805
Formula 51 ,-0.1347661222756177,0.020138376216995085
The Best Man Holiday ,-0.09344707441723743,-0.001980835571254346
The Children of Huang Shi ,-0.1077021464965641,0.05358550785413008
Adaptation. ,0.11092741262640976,0.006935216873267737
Sea of Love ,-0.13433158139956972,0.1287693026596202
Milk ,0.18756591174838996,-0.03271998476575929
Warrior ,0.29944621627701773,-0.04046063061224239
Shark Night 3D ,-0.13246048835209273,-0.22372551458862505
Hollywood Ending ,0.040080495746890946,0.32731815138963366
Confessions of a Teenage Drama Queen ,-0.23631386436696067,-0.08445966597963828
The Statement ,-0.16697409712956238,0.03919501322651307
Love & Other Drugs ,0.07103673347308329,-0.06766860667230698
The Son of No One ,-0.21454868857833106,-0.0849234902868975
Silent Hill: Revelation 3D ,-0.1020189013583784,-0.15049772147989782
Take Me Home Tonight ,-0.09025901172418292,-0.05150447154695242
Spotlight ,0.3848847875777145,-0.14937193469544424
Love Ranch ,-0.19592940763705763,-0.026352614689701105
The Proposition ,-0.005386929431560175,0.03098813274502931
A Madea Christmas ,-0.24743834421588806,-0.09453759618706124
Equilibrium ,0.09065921318921877,0.05580495842658818
The House Bunny ,-0.11382007489036916,-0.08197636419224777
Troop Beverly Hills ,-0.25964058978306237,0.08010854242384216
He Got Game ,-0.0925675337838444,0.08639580962939561
Bad Lieutenant: Port of Call New Orleans ,0.060985306464082296,-0.08437580890836356
Serenity ,0.24538478123998253,0.004594517278574017
Something Borrowed ,-0.08883696760985804,-0.06969183815288452
Austin Powers: International Man of Mystery ,-0.023819566228772363,0.04929015997212621
Rocky Balboa ,0.3445531200812626,0.3093414158530271
Star Trek III: The Search for Spock ,0.06479133081792886,0.4294781473983633
The Game Plan ,-0.07530908223730583,-0.030143669423220297
District 9 ,0.4811557499578609,-0.10203048778945933
Dead Poets Society ,0.08850999598409012,0.17889278717523932
The Rugrats Movie ,-0.17485831809536911,0.020961267790457986
Aloha ,-0.01261707600013626,-0.16604769444353001
Black Snake Moan ,0.007038967221134991,-0.008846683572182257
The Devil's Double ,-0.004609266300442455,-0.02207064993949343
Paul Blart: Mall Cop 2 ,-0.20276161381780905,-0.15110620103886158
Wayne's World ,-0.07154682357486036,0.10645674197759154
Flawless ,-0.123107956084511,0.05516113978902379
My Life in Ruins ,-0.13681282702569883,-0.04743988946923086
Get Shorty ,-0.07303020873327058,0.07895725408203899
Looper ,0.5048848017142479,-0.2433411321290335
The Untouchables ,0.044398160555354796,0.16219703958326942
Everybody's Fine ,-0.017769209993465235,-0.005006510500215278
Doubt ,0.13209651418125307,-0.052157887965822214
Hope Floats ,-0.1527414044950298,0.025139976764363834
The Rite ,0.051002110993781706,-0.1424299616530118
Repo Men ,-0.007117787672409498,-0.06566361947472428
Steamboy ,-0.09804753175267222,0.037022125541439035
Virtuosity ,-0.20965668631165046,0.029875130071589484
3 Men and a Baby ,-0.013477661336389092,0.4058842119566054
Chasing Liberty ,-0.1610647940883163,0.011176837176977261
Brick Mansions ,-0.07837872561679181,-0.1209806107057291
The Transporter ,0.022680035545850907,0.009955210171137934
The Walk ,0.16047344394291857,-0.10822581665935237
Bad Santa ,0.04730132048829552,-0.004917524270819849
Mean Girls ,0.052314379967069335,0.005136113537995229
All About the Benjamins ,-0.21103605698359745,0.006828061538511721
How to Be Single ,-0.05718478497183775,-0.09910217094674263
The Bounty ,-0.14397134752413407,0.17873572847732094
Jane Got a Gun ,-0.12594905403401357,-0.09126208796107867
Borat: Cultural Learnings of America for Make Benefit Glorious Nation of Kazakhstan ,0.2611319998848973,-0.08616955519209124
The Big Wedding ,-0.10331698067314433,-0.11852360458979398
The Family Stone ,-0.06948056468568993,-0.01970588026096736
No Reservations ,-0.04486841078315432,-0.048978480947261996
Killing Them Softly ,0.16482962767209086,-0.20410785723885377
Strange Wilderness ,-0.21235836433909294,-0.05547427156138808
One Day ,0.06655202148929698,-0.06527066006854691
Love Happens ,-0.13691969467861992,-0.06478689408181458
Criminal ,-0.08499200305826587,-0.06616753092243823
The Remains of the Day ,-0.05956592448638124,0.17718802259236016
She's Out of My League ,-0.02346387120137712,-0.06259468132223808
The Skulls ,-0.137926342644847,-0.01117338725641721
Land of the Dead ,0.023959535205659625,-0.08919346743579762
Let Me In ,0.20453519576735205,-0.12373452928918778
Bandslam ,-0.128046895678367,0.015575496762472676
Octopussy ,-0.07805376018277634,0.12321785462719358
Anacondas: The Hunt for the Blood Orchid ,-0.2075815360383863,-0.09034125289349992
The Wraith ,-0.20135574162703068,0.08231482328906184
Sgt. Bilko ,-0.22479005077237185,0.04334397896350495
Mumford ,-0.11395907966628921,0.09706656476577333
Philadelphia ,-0.0021426299334431145,0.1588457105639021
Halloween II ,-0.05636718458715873,-0.1565595445591213
Step Up Revolution ,-0.0676228478416032,-0.044322986341487076
The Running Man ,-0.07771449117476925,0.1008119588832104
Death Sentence ,-0.021451296507093178,-0.015290814778973748
Kiss Kiss Bang Bang ,0.09311026637458304,0.0361313576226686
Chocolat ,0.05449345117815744,0.061668092739122396
Dudley Do-Right ,-0.3169274989032605,-0.08743656041576744
Evil Dead ,0.3415236988796762,-0.2753924597672403
Naked Gun 33 1/3: The Final Insult ,-0.16119463562298103,0.07683037250250621
Aloha ,-0.012616237210574966,-0.166047572876441
The Exorcism of Emily Rose ,0.07332993274504845,-0.04008320264689312
The Queen ,0.10859632565338581,-0.038928876334612825
We Own the Night ,0.02740726346440531,-0.03342181877637082
Frankenweenie ,0.319040884039683,0.20409019413352075
Wild ,0.17843654441262316,-0.13375764438803225
The New World ,0.06001602158576929,-0.02932057236536457
Kindergarten Cop ,-0.14351824579917288,0.0877780753869525
Freedom Writers ,-0.031917041740613,0.06468272158600245
Home Fries ,-0.25192974900202675,-0.013262015386944798
Untraceable ,-0.03601998837952125,-0.07162900088864065
The Tempest ,-0.17605778291787452,-0.05942919268183639
Swing Vote ,-0.09570156741654826,-0.04081922379866546
P.S. I Love You ,0.018977458907760765,0.019716453282765372
The Ides of March ,0.25001000413454044,-0.1671247250248421
To Die For ,-0.11896049993505935,0.11771438799719199
Clash of the Titans ,0.18845312077647092,-0.1911902510748491
Heartbreakers ,-0.08874624223492493,0.004790812896111169
The Raven ,0.05620934886255576,-0.11792234511553505
Alive ,-0.11990707580000551,0.13607545259569603
The Theory of Everything ,0.33634829884487094,-0.14597643928838155
Cop Land ,-0.02635726450401034,0.06037309074069821
Mr. Bean's Holiday ,-0.06199596765788958,-0.038213591582772696
Nanny McPhee ,-0.06296477998979902,-0.005853334043277778
Return to Never Land ,-0.17336988636392012,-0.018738502193512835
Home Alone ,0.10681297514326889,0.09648703811310849
The Next Best Thing ,-0.22103837230210482,-0.05440793634827541
Summer Catch ,-0.23381369167240026,-0.03259364921854559
Blade Runner ,0.28187341937878946,0.11156787318064554
Snow Falling on Cedars ,-0.09075674085557717,0.06539603060132804
Superman IV: The Quest for Peace ,-0.2611499024699665,-0.05047131212840378
We're No Angels ,-0.21526474884781185,0.10741181601772565
Martian Child ,-0.08451581455877388,0.00996466985780836
Flash of Genius ,-0.0874433754313208,0.03085991707098602
I Can Do Bad All by Myself ,-0.2688583412638569,-0.11153258088421614
Suspect Zero ,-0.14671868150826553,-0.017069616140156646
The Rage: Carrie 2 ,-0.21884033630187538,-0.056772230032482024
The Great Debaters ,0.20891236057084073,0.5465017424828845
Flatliners ,-0.12410430473845076,0.12358453505548972
Poetic Justice ,-0.22024783289554078,0.08899971604128445
Fear and Loathing in Las Vegas ,0.0724691391308378,0.08214581055339504
Abandon ,-0.21246838028602813,-0.055457367739548666
The Cabin in the Woods ,0.47821799610594856,-0.28604592170798115
The Devil Wears Prada ,0.12164034374965949,-0.04220495631004591
Shanghai Surprise ,-0.3909692395499298,-0.04709568995279772
Say It Isn't So ,-0.22097953125811154,-0.052834111970524206
Selena ,-0.13771686321070742,0.09543002172842745
My Best Friend's Girl ,-0.14613260311727005,-0.025004519505767264
Mortal Kombat: Annihilation ,-0.27999114108152157,-0.08657163206524955
The Last Stand ,0.14526201231582547,-0.16697920278548056
A Dangerous Method ,0.1167047285386307,-0.1591600360866486
Private Benjamin ,-0.20051151493047498,0.14185272673007018
Antitrust ,-0.11413625746926123,-0.001291614695506769
The Counselor ,0.08430556828153372,-0.21761247972187725
Radio Days ,0.02380940351357306,0.4706696022997414
Ride Along ,-0.025884878284172835,-0.08611080301275073
The Ninth Gate ,0.04505933247422422,0.07545530977035078
The Island ,0.169767127338954,-0.050747929492465656
There's Something About Mary ,0.10389622512129039,0.026375949816417627
New York Stories ,-0.03545827189733184,0.4168173998824376
An American Carol ,-0.26945577485805805,-0.10194562706705829
The Last House on the Left ,0.0370434886987327,-0.07369073037953577
Love & Basketball ,-0.08826731661293086,0.09378841108950448
Cradle Will Rock ,-0.10745259528624376,0.08153695761508568
The Box ,0.02180763586525833,-0.1428563791302973
Gettysburg ,-0.035178110287122755,0.22902193945556718
Cop Out ,-0.044580632478244814,-0.11976495598711721
Elf ,0.1628351046958027,0.060303513785729145
The Lizzie McGuire Movie ,-0.18955439208015573,-0.03663032800492287
The Ladykillers ,0.004594864728226327,-0.031039935029715852
Sense and Sensibility ,-0.0320403518203771,0.13922157048005468
Blast from the Past ,-0.09470601783703636,0.048353692304706
Running Scared ,0.020888906865144084,0.02983266344016595
Bullets Over Broadway ,0.03842612908705232,0.4279662198736051
The Switch ,-0.051959030915909823,-0.0781007726817794
No Good Deed ,-0.17861560557354206,-0.07393843296791643
Driving Miss Daisy ,-0.06863952677745311,0.14421506017793084
Ordinary People ,-0.06783111216565696,0.22020367097465718
The Gift ,0.12250010327901643,-0.11322313091609093
Saw IV ,-0.025301457300919934,-0.08037430719332392
The Collection ,-0.09000204183235327,-0.07818971811297792
Civil Brand ,-0.2657441257260268,0.0008653743105539666
Road House ,-0.12337949883944814,0.09672726050125924
Incendies ,0.13275865838906953,0.039175885346100316
The Sea Inside ,0.031005121936771577,0.0949368258607118
Cruel Intentions ,-0.029803459039574383,0.05538360554533732
Tales from the Crypt: Demon Knight ,-0.14075689063700583,0.08654314692534368
Bottle Shock ,-0.08970997390668309,0.010345228826646853
Elite Squad ,0.022423596187116566,0.07897568216822698
The Fighter ,0.33237226712300444,-0.08800097935135377
Bride & Prejudice ,-0.09860155852461734,-0.003001043205840308
Fascination ,-0.355944854815401,-0.11228351812411935
Drive Me Crazy ,-0.1972655345453171,0.011641971113637697
Pulp Fiction ,0.7756130650058219,0.6000047811601747
The Way Way Back ,0.11906427957798518,-0.06980969338389877
Murderball ,-0.059149057066288,0.0739278903426587
Finishing the Game: The Search for a New Bruce Lee ,-0.19221982066033094,0.03180731064344103
Frozen River ,-0.022057805297805003,-0.00691786046150927
Happiness ,0.030821373272105764,0.10229708022012889
No Escape ,0.015522424716409237,-0.0772865295080819
An Education ,0.09857481292032577,-0.05621406100513658
Thumbsucker ,-0.1070494931873892,0.010730309590363326
Desert Blue ,-0.20574368569574197,0.06256372734169065
The Widow of Saint-Pierre ,-0.11427012890820767,0.10373828253112241
Lucky Break ,-0.18345984155699313,0.04193686030891634
Act of Valor ,0.03461265998420754,-0.09079965272717036
El Mariachi ,-0.15271293815149523,0.11479546757696805
Super ,0.0355726209687649,-0.058086065823534816
Some Like It Hot ,0.04439080481819028,0.2954006920791329
Snow White and the Seven Dwarfs ,-0.021667079562856063,0.3577839964252334
What's Eating Gilbert Grape ,0.001905633395914104,0.15795993376935005
Vera Drake ,0.017464626870064944,0.06845610149106393
Sweet Sweetback's Baadasssss Song ,-0.26292395683035874,0.15366914694527492
The Barbarian Invasions ,-0.025846494159020423,0.07307002848437837
Clean ,-0.11842854090676175,0.053004067316639945
Trade ,-0.08299699347297063,0.07717687106191308
8 Women ,-0.0564579718813868,0.05479441423359472
This Is England ,0.029717935623536973,0.03805332229806208
Stir of Echoes ,-0.020880380606802303,0.03789271641371294
Porky's ,-0.14332789372683802,0.11143944371865397
God's Not Dead 2 ,-0.30982398417374557,-0.1760307628182306
Child's Play ,-0.08552071080199353,0.06778259179568961
Benji ,-0.25038428346408903,0.1789340556093928
Dr. No ,-0.021440770671089286,0.22452613910881455
Party Monster ,-0.17672631242453007,0.03826679132011025
Stake Land ,-0.025065311993782667,-0.07035313719899096
The Night Listener ,-0.1284183082900291,-0.050840280062779866
Simply Irresistible ,-0.2341747899702813,0.003941515258578311
Lady Vengeance ,0.03536688566299089,0.026175785430564688
Igby Goes Down ,-0.05915429901485332,0.03193244522662149
Safe Men ,-0.2136112268718585,0.05464496543644001
Jackie Brown ,0.26301949797653446,0.5321973880897285
The Real Cancun ,-0.36215097289924575,-0.16188365769483998
Harvard Man ,-0.264519342282957,-0.02286510837003134
Shame ,0.27921606332455023,-0.17780708170884274
Digimon: The Movie ,-0.22227398064702236,0.03521071676079083
Saved! ,-0.06872694939728241,0.019166468166755764
The Call ,0.09311980908958506,-0.12214114591285477
Aloft ,-0.21567991964150618,-0.07561980108360064
Paranormal Activity ,0.2375940690997294,-0.18225801755484838
Lovely & Amazing ,-0.13453433307251553,0.0656183514404808
Top Five ,-0.05636158743391281,-0.07268068748062029
The Legend of God's Gun ,-0.33567087195918377,-0.0862795320967377
Peaceful Warrior ,-0.10460633560232924,0.08551325712300514
Run Lola Run ,0.06056090623715339,0.08950982558556195
Winter's Bone ,0.16644438525363942,-0.11414553746945037
10 Cloverfield Lane ,0.2564780303773731,-0.17283444772023965
On the Waterfront ,-0.028757646924333306,0.35206168877855554
Unfriended ,0.0034411617236965453,-0.17468114454997052
Enough Said ,0.03604310343790632,-0.06605736368125027
Animal House ,-0.014776639428760618,0.2041852575443352
The Godfather: Part II ,0.3125076798991449,0.30482669384033995
The Beyond ,-0.04916370882167864,0.10118752254931998
Clerks ,0.020658812888157345,0.12010724238188294
Get on the Bus ,-0.16793164362756885,0.10647481831474324
Owning Mahowny ,-0.09981900691874382,0.06725808123811575
Critical Care ,-0.21589919574964428,0.05984585532660847
Over the Hill to the Poorhouse ,-0.3924479218920964,0.38596035810044027
The Prophecy ,-0.14400852849665374,0.08072592380277464
Transamerica ,-0.009090292767758964,0.024362025765916732
Flashdance ,-0.16640680549996842,0.11389173937980386
The Brothers ,-0.16523850007242213,0.03883502825329071
Full Frontal ,-0.203738475642823,-0.07850145675502873
The Muppet Christmas Carol ,-0.08532696174044549,0.14745620416004146
The Wood ,-0.16176147232472604,0.10249462811978284
Easy A ,0.13204688306114779,-0.07122443367475237
The Robe ,-0.18632708664472375,0.3152243072276664
Set It Off ,-0.14189130246314702,0.11800856970432033
Invaders from Mars ,-0.22941535894569454,0.08169106564405654
Inescapable ,-0.24100169119968906,-0.06288216283500933
Half Nelson ,0.017745793732152328,-0.008288403674891823
The Visual Bible: The Gospel of John ,-0.11200810036469233,0.1316762404982354
The Alamo ,-0.10123431041166986,-0.006463380977251227
Police Academy: Mission to Moscow ,-0.3646321767706975,-0.0735159413495293
Hard Candy ,0.07194832823591453,-0.017734449030193083
In the Bedroom ,0.04818685191135664,0.0520126709968743
Repo! The Genetic Opera ,-0.029510363042690387,-0.0005211198319928449
Veer-Zaara ,-0.04857930799468198,0.1594918365551828
Mad Max 2: The Road Warrior ,0.0038319175819471977,0.166575076071336
Half Baked ,-0.15595597533578043,0.07901122584707437
Warlock: The Armageddon ,-0.26183644846206694,0.043390154588224795
Friday the 13th: A New Beginning ,-0.17529482199960383,-0.024133942598841066
Lights Out ,-0.031870781295402086,-0.06457632205164532
Brigham City ,-0.15474289012842976,0.12023121784659868
Monty Python and the Holy Grail ,0.06875613751135366,0.2409550775328359
Beginners ,0.0666857908811948,-0.05756253874120278
Bernie ,0.017667551563529317,-0.07368823316380493
A Better Life ,-0.08446330450783039,0.025816775954066725
The Best Exotic Marigold Hotel ,0.12691503210633726,-0.06880601740743116
The Good Heart ,-0.1359564324119181,0.03277809300997587
Welcome to Collinwood ,-0.1588876232212223,0.031952756924555174
A Nightmare on Elm Street 4: The Dream Master ,-0.14998382647987094,0.04948165112711754
The Tourist ,0.14485774760916498,-0.17557312380418533
House Party 2 ,-0.27986407090657905,0.04293706778624674
Teenage Mutant Ninja Turtles ,0.21257705257837067,-0.22070597533088807
Crash ,0.29652224306492914,0.007594257558032599
April Fool's Day ,-0.164411455561698,0.08414641573300768
Room ,0.3300515345466142,-0.10827372740109445
Bright Star ,0.016463798227232422,-0.0282226141843125
In the Cut ,-0.1314142586801369,-0.05064887507728979
Phone Booth ,0.07778106128245223,0.005481326926753887
The Wizard of Oz ,0.0640273504004423,0.36465516923082525
The Divide ,-0.07163925240623711,-0.08775345072562858
Bachelorette ,-0.13110963676322954,-0.12289103622811337
The Neon Demon ,0.041563912515393264,-0.09073091934020103
Bran Nue Dae ,-0.19546280446227687,0.007793308068959087
Before Sunset ,0.08800479664944968,0.03472544909637106
D.E.B.S. ,-0.22247468930511266,-0.030523602131981215
House of D ,-0.13430911508604965,0.0623122912938848
Tales from the Hood ,-0.21110066183692472,0.07380474460719194
Syriana ,0.18342699548063476,-0.08834851270066613
Little Miss Sunshine ,0.22434370582905122,-0.007175736988508749
American Ninja 2: The Confrontation ,-0.28997308888216383,0.02930055992337944
The Trials of Darryl Hunt ,-0.1341219293129167,0.12000198568281231
Dogma ,0.11533238524527187,0.033719214008343434
The Great Beauty ,0.15324174585113226,-0.021362946113697122
A Walk on the Moon ,-0.14847296271971144,0.099462777175383
Office Space ,0.053945876479126784,0.0916239371211402
Mirrormask ,-0.08570865408421716,0.026063288920666613
Prison ,-0.20045833519712292,0.08801553294351358
Inside Deep Throat ,-0.09886922247872153,0.012287577460769139
54 ,-0.1682915001172566,0.026772098104318312
Spider-Man 3 ,0.4490184309884205,-0.20304975381436857
The Perfect Host ,-0.0963096788695675,-0.005128582920241202
The Secret of Kells ,-0.0502862070736145,0.03864115067443268
End of the Spear ,-0.13020553721957098,0.0643828096981034
The Innkeepers ,-0.007848507080241637,-0.16221531921402405
Special ,-0.14800545429033407,0.04324626552313898
Halloween ,0.19926509316909424,0.0975683802030663
Of Gods and Men ,0.0012325389789535745,-0.01578225151009438
The Ghastly Love of Johnny X ,-0.16329126860870438,-0.06352624773781997
Friday After Next ,-0.21041204409563874,0.014422077664590006
Deadfall ,-0.06673270590097519,-0.0726245458903267
Maria Full of Grace ,-0.02284826386352375,0.04370237279241093
Le Havre ,-0.0016640089901311453,-0.018660006736342785
Shine ,-0.07255884542889598,0.1358317216747369
High Heels and Low Lifes ,-0.1938422672824565,0.04482713625040047
Bend It Like Beckham ,-0.015049912369196165,0.008885059999768949
Do the Right Thing ,-0.02099273014501863,0.16515445703935883
The Boondock Saints II: All Saints Day ,-0.09028665291962724,-0.005472283596584533
Nebraska ,0.2722457327254745,-0.1129738271625858
College ,-0.2592689095368157,-0.08163214409610822
The Oxford Murders ,-0.15705597405333344,-0.0030992540279991924
Beyond the Mat ,-0.09733535046526953,0.11693954070907531
Frida ,-0.010323190060708316,0.06993332535377948
Hedwig and the Angry Inch ,-0.044024155064329454,0.10257764189695251
Doug's 1st Movie ,-0.2738545690893027,-0.013829333227762627
Brothers ,0.05815121303517926,-0.04019334217862279
The Diary of a Teenage Girl ,-0.03916676870979083,-0.05093358746828079
Baggage Claim ,-0.2225163004401384,-0.09455083753421621
Opal Dream ,-0.1902129858483295,0.04684515975424621
Gremlins ,0.05484744614594122,0.09752193552768779
It Follows ,0.3210060226005523,-0.23338293632620052
The Astronaut Farmer ,-0.1049179171024838,-0.015174329218318754
The Gallows ,-0.18343521716428948,-0.19987583379681909
Head Over Heels ,-0.21752943278193598,-0.016322162202202155
The Station Agent ,0.0015556586836355732,0.06092628311755647
Chuck & Buck ,-0.15627698362429593,0.06150053883550975
Poltergeist III ,-0.26160314887581215,-0.002118510768464428
Mother and Child ,-0.022758477682942636,0.003991372234427342
Pink Flamingos ,-0.19694495272646642,0.16643104980922244
Imagine Me & You ,-0.11398341342321372,0.037772897817925866
The Last Temptation of Christ ,0.1883800793239013,0.6299993097411464
Go ,-0.024079293993391357,0.06727613878511973
The Last Sin Eater ,-0.20924981372220647,0.01786893806174257
The Last Days on Mars ,-0.14090470294980345,-0.0940122851493789
The Circle ,-0.11235419723414299,0.11618391676219586
The Holy Girl ,-0.13457706561025243,0.04180356494441721
Devil's Due ,-0.20938686358818792,-0.19210550801227338
Compliance ,0.02318185392312084,-0.12550935275984382
Halloween III: Season of the Witch ,-0.16963919378953954,-0.013733354778926355
Sorority Boys ,-0.2167609493664685,-0.015474216544196187
Children of Heaven ,-0.0687860392007319,0.19359992922618854
Jason Goes to Hell: The Final Friday ,-0.22423890259606877,-0.0613208956882245
Redacted ,-0.11778070608945068,-0.03395220466207706
Everything Must Go ,-0.07024947562177801,-0.05135731612751845
Straight Out of Brooklyn ,-0.25463896931629965,0.08931793642700261
Tomcats ,-0.20173046280603812,-0.02608577553678443
The Brothers Solomon ,-0.22358516397548206,-0.04381998184728337
My Week with Marilyn ,0.16592491980819535,-0.14531898701506862
Annabelle ,0.043307642330554647,-0.2029652982920903
Spun ,-0.10100757348272907,0.048564824290397206
The Best Man ,-0.14868782993064206,0.08436391688896089
Hustle & Flow ,-0.00548601152037553,0.036852787445839044
The Omega Code ,-0.31931484288635803,-0.09357411835960097
The Mighty Macs ,-0.17347666581018995,0.021584710543582207
Ira & Abby ,-0.1787095052272249,0.038477059921792005
Memento ,0.7050159722839546,0.6632817518417955
East Is East ,-0.11930754635371972,0.07113788195820464
Buffalo '66 ,-0.04113839083878861,0.11820214369271106
Desert Dancer ,-0.19472272693378034,-0.02374764218180559
Only God Forgives ,0.1540900334348833,-0.2578168089016805
Control ,0.0364523056605906,0.0318768758887063
RoboCop ,0.3081541081440688,-0.261669137398395
Ouija ,-0.12163204977189129,-0.20660485551301058
Letters from Iwo Jima ,0.3291421759131487,0.45494852590599255
The Corruptor ,-0.14938642106475597,0.02264442665719195
Wild Target ,-0.11774468599495401,0.02184036476255754
Chairman of the Board ,-0.4146676238207516,-0.1408301014774605
Swimfan ,-0.1979917653636548,-0.060144547905552674
The Golden Child ,-0.20045270029440498,0.09570003934124464
The Lucky Ones ,-0.11956417269322171,0.05447654044907879
3 Strikes ,-0.3250099963629064,-0.06796382730200609
Waltz with Bashir ,0.060585342375254356,0.011578999645552944
Beyond the Valley of the Dolls ,-0.17387835521583878,0.1678242202538254
Return to the Blue Lagoon ,-0.27731421150315805,0.04700500086386082
Deterrence ,-0.18279800816226494,0.077114360030792
The History Boys ,-0.07959324319562401,0.023590022813554476
Session 9 ,-0.0787258862585741,0.020404881263313218
Aimee & Jaguar ,-0.11072304536912332,0.11072576327999265
The Last Time I Committed Suicide ,-0.24093004944323765,0.0513574904131046
Imaginary Heroes ,-0.10280089501512264,0.0762113347133695
Letters to God ,-0.18607834334326936,0.020379631798671475
Loaded Weapon 1 ,-0.21314346308129703,0.07933040529328769
Down to You ,-0.22951457161933708,-0.04026650318066396
The Sticky Fingers of Time ,-0.23128128846914509,0.08052240936260188
Sherrybaby ,-0.13794373490956413,0.02272877355526274
Soul Kitchen ,-0.058956379203017356,0.04722608244869642
In the Company of Men ,-0.10232380418659544,0.10609598577821508
Get Over It ,-0.18090850764898872,0.00024146138430610614
We Need to Talk About Kevin ,0.21101707343010292,-0.11233508610286383
Poultrygeist: Night of the Chicken Dead ,-0.14516805539955385,0.00781518334142927
I Spit on Your Grave ,-0.003333878409201914,-0.08943561321721764
The Broken Hearts Club: A Romantic Comedy ,-0.13980650336725478,0.08560137342730625
Trust the Man ,-0.16467730641850936,-0.03293343742914783
Chain Letter ,-0.2781658010783823,-0.12355147399560694
Across the Universe ,0.044432690297962374,0.03365773106537795
Begin Again ,0.12421809551055255,-0.080082638666752
We Are Your Friends ,-0.08762625723795447,-0.0894344396391467
Attack the Block ,0.14401201524879167,-0.17260201676031395
The Karate Kid ,-0.047983498661246404,0.16231607487742328
Romeo Is Bleeding ,-0.18172076243321478,0.10821987296070994
Donkey Punch ,-0.1780296240132505,-0.08090403841327123
Another Earth ,0.04567033132229638,-0.06755715513032251
Better Luck Tomorrow ,-0.11977953388364737,0.10613075834861765
Logan's Run ,-0.0996470420603768,0.16393183990489701
Pet Sematary ,-0.09481673359975648,0.09026825850686701
The Orphanage ,0.12847299690769265,-0.041280349127698956
Smoke Signals ,-0.12833897580410503,0.10183734093809554
The Secret in Their Eyes ,0.16469879231031426,0.006788465300523933
The Fog ,-0.023584623144649514,0.08134332522862212
Detention of the Dead ,-0.2782212884904046,-0.09771658870298855
The House of the Devil ,-0.0062176861175397904,-0.08043471931102655
Dead Snow ,-0.007945042985318996,-0.08249467763721771
Last Orders ,-0.12511114417955566,0.0750825566669709
The Purge: Anarchy ,0.0949560035511562,-0.139621827972066
Saw II ,0.10963752724335082,-0.06626711601774002
La Bamba ,-0.16937861578244626,0.1526461071208972
A Hard Day's Night ,-0.10029691806337056,0.26748683697879283
House of Flying Daggers ,0.09657765611884789,0.022660605234082497
Exodus: Gods and Kings ,0.16820929166934262,-0.17322090828191464
Bring It On ,-0.0751791840587373,-0.019617400514684802
Lucky Number Slevin ,0.12679344950394217,0.023285859510694194
Alice in Wonderland ,0.6377058087851378,0.06661854631008214
King Kong ,0.5092242899548208,-0.11884011912577144
2046 ,0.02717486519216151,0.030411752381784257
Cube ,-0.024381818641181285,0.09442760387714039
The Gambler ,-0.05281752739662241,-0.09596120062359906
Insidious: Chapter 3 ,0.03151842081279751,-0.13581242721666714
Project X ,0.06753856260390313,-0.0877721620679601
Skyline ,-0.05322617208670392,-0.19873926358294636
The Lady from Shanghai ,-0.14087881027191645,0.36149032697007144
To Save a Life ,-0.1405658281676103,0.069429264743355
Shutter ,-0.14913097271128073,-0.09841823566853232
Employee of the Month ,-0.16236252792472294,-0.043976774530998616
Boyz n the Hood ,-0.050808487788830646,0.174921025935965
Quinceañera ,-0.12399230667053752,0.050727679518083026
Oscar and Lucinda ,-0.16427616012025623,0.10679000293598988
Open Water ,-0.014034520646665275,-0.10150337913832838
Captive ,-0.22445153462442108,-0.07365687017456227
The Best Years of Our Lives ,-0.056611224999335574,0.41502917168653763
10 Things I Hate About You ,0.026350973662339638,0.048473500530069845
All or Nothing ,-0.06956661610263103,0.11914029388204062
The Brass Teapot ,-0.14813554952169503,-0.012282705012509745
R100 ,-0.16382556879852594,-0.03418943616317919
Anomalisa ,0.10347232598494396,-0.11176289858518779
A Nightmare on Elm Street 2: Freddy's Revenge ,-0.15069462421855442,0.022540553538417454
Roger & Me ,-0.12461453730273964,0.19558630903383983
Made ,-0.09320557981783767,0.13981602364983625
Fido ,-0.07867117335433763,0.00035065575384174257
A Fistful of Dollars ,-0.04257299458337241,0.2819033801084685
Character ,-0.09449258933510352,0.15137263593076858
Tristram Shandy: A Cock and Bull Story ,-0.08779976289831491,0.017197289944806432
Quartet ,-0.03004940155046925,-0.05373151701928333
The Masked Saint ,-0.27532386064590403,-0.09087471659999688
An Alan Smithee Film: Burn Hollywood Burn ,-0.34693323816415345,-0.08007780898362407
Come Early Morning ,-0.18412908258456862,0.04327225884499517
Survival of the Dead ,-0.0635427137997898,-0.1815875519115333
Stoker ,0.21871333557312042,-0.20957957078667847
Cadillac Records ,-0.10136118510368328,0.03527448193256841
Saw V ,-0.064539542285606,-0.07847559373705938
Requiem for a Dream ,0.3105199940049097,0.07284157391783891
Birthday Girl ,-0.13578931393982172,-0.00046021992858588483
Jab Tak Hai Jaan ,-0.062376379523436935,0.04239678875537592
The Slaughter Rule ,-0.20339926897895122,0.04464225185005862
Interview with the Assassin ,-0.18528726952314684,0.06770834072578492
The Spectacular Now ,0.040459398011544384,-0.06032309750179027
Sliding Doors ,-0.10371461163584039,0.06712592778373833
The Banger Sisters ,-0.16666372908047727,-0.024866254856600184
Bucky Larson: Born to Be a Star ,-0.319488436165907,-0.16445946281501803
Warlock ,-0.20513143456573002,0.10833561959769547
Fireproof ,-0.11974184978123595,0.041078903518159605
Sorority Row ,-0.12887128135294873,-0.12144012714941543
Two Evil Eyes ,-0.16165988565148098,0.10469582510185771
Napoleon Dynamite ,0.11022684653492454,-0.02829959993149106
The Perez Family ,-0.2070455662773459,0.09496096250896258
Gossip ,-0.19027293049893065,0.015446289318810381
It's Kind of a Funny Story ,0.0029303052285883265,-0.013252064323250596
Made in Dagenham ,-0.02827424897501081,-0.007877597857240994
Paa ,-0.13626246443381357,0.08486087668300035
Modern Times ,-0.06031531548129771,0.45053853355720197
Rabbit-Proof Fence ,-0.08468238746273477,0.09485647544654964
House of 1000 Corpses ,-0.010473687140404675,-0.05833250164965421
Frailty ,-0.0018289710167299494,0.03957094989077131
Black Christmas ,-0.1440697122882224,-0.1498220084641346
200 Cigarettes ,-0.17662683518964156,0.022937549344333463
Woman in Gold ,0.05440192302969774,-0.06018160701121619
Murder by Numbers ,-0.0778434020219109,-0.013828491297859596
The Mighty Ducks ,-0.1811428032785905,0.09932019614978063
American Pie ,0.07007454204808246,0.033053716539033814
Hostel ,0.12223073731789834,-0.1341090765603969
Caravans ,-0.21946660324478623,0.20132236935494804
New Nightmare ,-0.11042640607507354,0.05542557436258124
The Heart of Me ,-0.17360445781958792,0.0655723775294711
Madea's Family Reunion ,-0.20904027895928173,-0.058043900666133054
She's Gotta Have It ,-0.21221912597558362,0.1367243512239703
Take Shelter ,0.16593206573376235,-0.08752025849138972
Broken Vessels ,-0.200182755304098,0.08874077947668152
Shooting Fish ,-0.17628718936564522,0.08244880014970567
Celebrity ,0.01960053150893845,0.3315090342771554
The Way of the Gun ,-0.07943360161879462,0.04709236370565462
The Upside of Anger ,-0.05479959759547159,0.02111536391196931
Yentl ,-0.18467438965138705,0.17237934663334786
Stealing Harvard ,-0.2352942777129593,-0.03260996244131881
True Romance ,0.19066642031513373,0.4625097748950846
Stripes ,-0.10306046597625604,0.17356252566709945
City of Life and Death ,-0.008334890095324433,0.04309322689007106
May ,-0.0946584179737784,0.027972828001228876
Burn ,-0.13777203555426798,0.06668622402132168
Tea with Mussolini ,-0.12427666940467787,0.08683400928098459
Gracie ,-0.16857114036689802,0.0006817971202500404
Our Idiot Brother ,-0.029802391198095995,-0.07550326030887322
Aqua Teen Hunger Force Colon Movie Film for Theaters ,-0.11912891727751274,0.026563443671029457
The Virginity Hit ,-0.2683276558372852,-0.09280273427380989
The Sessions ,0.11150912616510159,-0.11148266382433439
Teen Wolf Too ,-0.3698329239160571,-0.04700871081929811
My Dog Skip ,-0.10455232755091244,0.06714678247402737
Bad Words ,-0.07848145736460842,-0.034998122771884306
Raising Victor Vargas ,-0.12843099639043057,0.08038710974188154
Blue Like Jazz ,-0.18493886181833094,-0.01594089939716787
What Happens in Vegas ,-0.04462285033931215,-0.05688354883087046
The Dangerous Lives of Altar Boys ,-0.11190208049602438,0.06915907664328456
The Terminator ,0.19254368297198685,0.15607902110096591
Albino Alligator ,0.02551003737427017,0.5485783223477596
Atlas Shrugged II: The Strike ,-0.21234042258128077,-0.03633073387213625
I Love You Phillip Morris ,0.01833711757116703,-0.07421002885346734
Weekend ,-0.02354467225304502,0.02896336839838036
An Everlasting Piece ,-0.19380361760835296,0.0651444780079109
Dear Wendy ,-0.11506340519341571,0.030521886807537025
10th & Wolf ,-0.18403138329782692,0.03794503578043956
The Godfather ,0.550153106431628,0.27050653167478383
Next Friday ,-0.15877167569072992,0.028068100596088136
The Exorcist ,0.28826791813598307,0.1450235394634266
Major Dundee ,-0.16234838362727114,0.27487522194223585
Spider ,-0.058854919028631825,0.01262831003821669
Mercy Streets ,-0.2435757654444895,0.031488704545374224
When the Cat's Away ,-0.18183928410662983,0.109699286664793
The Color of Money ,0.10475436766526743,0.6123529082834679
The Wackness ,-0.054463758698075744,0.0010519663933077038
You Kill Me ,-0.10675856572062797,-0.009086007397742193
The 5th Quarter ,-0.23256846029551842,-0.018323730403100875
Nightcrawler ,0.4282217160961376,-0.18791141531532268
Safety Not Guaranteed ,0.08644045813277564,-0.08711156539173104
Savage Grace ,-0.13618658213936818,-0.04528951679055232
The Basket ,-0.19701227482890443,0.08297453530931435
Living Out Loud ,-0.17725889136468634,0.08677501628874858
Glengarry Glen Ross ,-0.01667768777799949,0.13386241468186239
Eulogy ,-0.17761004270073483,0.053229332378891644
Home ,0.04562805585730506,-0.09237848751855424
Futuro Beach ,-0.161337190064636,-0.037272073650568574
The Wrestler ,0.2657782502247111,-0.072572570390906
The Last Dragon ,-0.14099578721901923,0.15101564487693733
Light Sleeper ,-0.18526987378814977,0.13972092343956283
Hardflip ,-0.20633069773855534,-0.034314064913228075
Iris ,-0.0950623724757184,0.057716027472089
Dick ,-0.12907046970373395,0.006276549847858519
The Matador ,-0.01992238416272651,-0.021805055676296075
Antarctica: A Year on Ice ,-0.12274044014458796,0.06472161872245771
Army of Darkness ,0.0689264437748342,0.06390789356132494
For Greater Glory: The True Story of Cristiada ,-0.1320018653006882,0.02386625285928278
Skin Trade ,-0.18704626141313335,-0.06323139458067942
Religulous ,0.05456076203416882,0.008189114580351924
Arbitrage ,0.04792967155891111,-0.11083301515847965
Trucker ,-0.15019496420123324,0.02270633732021006
Bubble Boy ,-0.207187651038785,-0.0005244365458355674
Oldboy ,0.2712469516703637,0.021649766735449008
The Brothers McMullen ,-0.18158320582891851,0.09621505270504799
Shade ,-0.19365875684799347,0.05013247730415566
The Missing Person ,-0.16854209961648975,-0.010942473351367884
Bats ,-0.278363088716055,-0.11899416286792093
Northfork ,-0.15622666746216227,0.03527793170808319
The Lazarus Effect ,-0.12625725934129173,-0.14569343383658925
Killer Joe ,0.1338234356437564,-0.1344795505242467
Mo' Better Blues ,-0.18244735770401066,0.1288888803153051
Madadayo ,-0.1332441730721235,0.17354883026520276
The Lunchbox ,0.04268966663293287,-0.009472191324267461
Love Stinks ,-0.21088558371574195,0.025560130913649788
Saw VI ,-0.07301215059800417,-0.06863292591999685
Phantasm II ,-0.15640265241846987,0.10521597311234143
Showdown in Little Tokyo ,-0.21715164271717352,0.07422671598574523
House at the End of the Street ,-0.032367852537620666,-0.14301470286846113
Diner ,-0.14645881232712446,0.19486286455625623
Lost in Translation ,0.2597897920419388,-0.000735472407749807
The Battle of Shaker Heights ,-0.21313732414976228,0.025886737521041578
Copying Beethoven ,-0.12027601040310391,0.04175628360824056
Boynton Beach Club ,-0.17919480383664205,0.042908509812478894
Extract ,-0.04292379906765637,-0.07419513782981257
42nd Street ,-0.1838421693812167,0.44055650429703885
The East ,0.009994771356699706,-0.0566927577368819
The Extra Man ,-0.14655034629231167,-0.04736103283054971
I Want Your Money ,-0.2722469893126113,-0.04200477253264154
Stolen Summer ,-0.18523491214399698,0.05581411882410972
Kit Kittredge: An American Girl ,-0.12588376062967732,0.017447229798873438
Undiscovered ,-0.2925400391672592,-0.08735057586199568
Kinsey ,0.00841536225975063,0.01559102704213558
The Secret Life of Bees ,-0.05239891227791672,0.03241291710977982
5 Days of War ,-0.1802787779963716,-0.04715008965996502
Mercury Rising ,-0.135161714037114,0.03112639526211653
Time Bandits ,-0.06686309128824097,0.1299544213969417
The Guard ,0.06850048179601587,-0.060693821389830066
Eve's Bayou ,-0.12656135802772916,0.13091685679776116
Diamonds Are Forever ,-0.09006391300542588,0.17997820946660345
Persepolis ,0.08142470110679606,0.0045795135746528395
Blue Valentine ,0.2084290157134654,-0.10142417225643906
The Outsiders ,-0.09632031526002263,0.17163214312110164
Major League ,-0.10669953813281229,0.1424821845794928
MacGruber ,-0.10738418568904383,-0.09258536984390528
Wonderland ,-0.12086786534654613,0.032711562796210666
Winter in Wartime ,-0.08465116918936642,0.024683587672772463
Welcome to the Dollhouse ,-0.09675375771021405,0.13261283512186647
Diary of the Dead ,-0.009283178395660396,-0.13417249136567277
Monster's Ball ,0.0012960384103358098,0.04647542122530114
Silent House ,-0.08755862181407816,-0.14756788675339397
Halloween 4: The Return of Michael Myers ,-0.1222825432970728,0.03399969455952582
Soul Survivors ,-0.29389036623927267,-0.09874167355281452
The Lovely Bones ,0.1431642076020392,-0.10150245807316405
The Canyons ,-0.1956151220985998,-0.1949935399445534
The DUFF ,-0.05665058856306861,-0.06405022818519127
The Fault in Our Stars ,0.31982419674360696,-0.10510438453414024
Green Room ,0.09730740021856346,-0.12129617382355606
Crossroads ,-0.24078089805202796,-0.1597309299326636
The Ten ,-0.22386025672274523,-0.06150575503341482
The Last Exorcism ,0.02280732226135336,-0.17785858503813615
Dressed to Kill ,-0.0825332221005718,0.14952535558272373
Bound ,-0.054587293937172696,0.096293981908534
Friday ,-0.11694587610995519,0.14874491657839445
90 Minutes in Heaven ,-0.264943162246259,-0.09074919064454996
Goosebumps ,0.03526568401563088,-0.126377315452058
Winter Passing ,-0.1668688322226845,0.025455758629560045
Boiler Room ,-0.04545819028810512,0.04826877640844936
Code 46 ,-0.10800642245985617,-0.004141418539975133
One Direction: This Is Us ,-0.23445950047098946,-0.14886236480727744
Mad Max Beyond Thunderdome ,-0.10115165940781688,0.1028514268694848
Wish I Was Here ,-0.05635015341845284,-0.04862831077267124
Limbo ,-0.12245719191812617,0.12005381252559416
The Full Monty ,-0.051209016686733236,0.06899837166540448
Defendor ,-0.11565117276848876,0.019077189778736833
Sphinx ,-0.28818270153207726,0.11363804548901765
Donnie Darko ,0.36563072213279735,0.039859623675634594
The Wash ,-0.2853955368183914,-0.0375259202309302
Oz the Great and Powerful ,0.47702673715821275,-0.33985494700385643
Lone Star ,-0.06879965220155092,0.14996938255821518
Whale Rider ,-0.008317847760441591,0.059502816168522564
Two Can Play That Game ,-0.19507260363577122,0.0312369937639118
Shaun of the Dead ,0.21085692611630308,0.04857868225665187
Clear and Present Danger ,-0.0736815241709558,0.11526210575046594
Meet the Parents ,0.08038400688558404,0.02326868483132911
Battleship ,0.21956498612699626,-0.195137214990317
The Lake House ,0.017593268976253233,-0.021626098542377487
Legend of the Guardians: The Owls of Ga'Hoole ,0.022085012280389626,-0.04418987834934307
A Time to Kill ,-0.0020521244321601295,0.12770591536319306
Miss Congeniality 2: Armed and Fabulous ,-0.15148245893910434,-0.0796187011963796
Yes Man ,0.07866557126516793,-0.03860695181437197
Julie & Julia ,0.1041725469660931,-0.07023511621714935
Jumper ,0.06651310653957002,-0.10123916547327493
X-Men 2 ,0.30171364418988345,-0.03246415786105633
Domestic Disturbance ,-0.16000935613505424,-0.033953420065468955
The Matrix Reloaded ,0.40074981405715193,-0.0479791664286785
Be Cool ,-0.05694462372836384,-0.05611644692558314
Jack the Giant Slayer ,0.124367335178588,-0.16852492296956867
Rise of the Guardians ,0.12410776255885084,-0.07740625486990356
The Love Guru ,-0.19808731518640665,-0.18803280645824674
Teenage Mutant Ninja Turtles ,0.21257621378880937,-0.22070609689797707
The Insider ,0.11576075753127016,0.07445973134107818
Over the Hedge ,0.03334632986321604,-0.03951900783601684
Snake Eyes ,-0.10588163156415867,-0.007014002574127071
Sherlock Holmes: A Game of Shadows ,0.34035522261144846,-0.12799976452425588
John Carter ,0.3054929033360667,-0.1926446777652209
The Tuxedo ,-0.16937669753693996,-0.036097722303540726
Ninja Assassin ,0.00825064430169917,-0.08185471259960417
Hercules ,0.05166338193755468,-0.13799286998904842
Nixon ,-0.04281613270725631,0.1303727314399648
Ronin ,0.03196329458190686,0.07341154206281106
The Last Samurai ,0.18917511446623858,0.058177624314262696
Noah ,0.35963998026459476,-0.2969968798515159
Victor Frankenstein ,-0.07324522364275798,-0.09419291080901962
Scary Movie 4 ,-0.09002339810666862,-0.11253913456454091
Austin Powers in Goldmember ,0.0782208001368632,-0.06509539830390507
The Living Daylights ,-0.07551873766544023,0.1115558138258256
Star Wars: Episode I - The Phantom Menace ,0.5551949223376428,-0.12751800224432513
Interstellar ,1.4152455558933288,0.2497026665206185
The Day After Tomorrow ,0.21028303209700133,-0.058834871918931095
Black Hawk Down ,0.19812102790011424,0.048262371314620994
WALL·E ,0.5200534449413146,-0.06851525695617333
Escape from Planet Earth ,-0.14372770122844158,-0.06331011433223356
Star Trek: Nemesis ,0.006254932762137634,-0.020577941916223443
Cheaper by the Dozen 2 ,-0.1465565494775809,-0.057071734119184085
Big Fish ,0.38391378480436766,0.3850555512249251
At First Sight ,-0.16935992731200894,0.03508780387946295
Along Came Polly ,-0.08696298415926226,-0.03571574954901093
The Medallion ,-0.17628447562662578,-0.04902652581976827
Lost in Space ,-0.1320584182784952,-0.03033722300790063
Gigli ,-0.27324156620497175,-0.20818418851778855
Escape Plan ,0.12255246046917684,-0.1164979323879071
Batman Returns ,0.23579193655819813,0.41981466269785883
8 Mile ,0.026361820730357168,0.038948309404805384
Total Recall ,0.10578208574769105,0.10377225958387562
Waterworld ,-0.05310692673339626,0.061519672211685465
Poseidon ,0.012998534774816464,-0.11755851181086649
Ocean's Thirteen ,0.19910476646570457,-0.10040121775070154
The Doors ,-0.06496204299013444,0.13331834861443112
Raising Helen ,-0.12625156526419798,-0.0073163998844322994
300: Rise of an Empire ,0.23144103368325103,-0.21161902929400572
Sin City ,0.4540938647928394,-0.011787849264355624
Dune ,-0.013055505762678783,0.11380624277472509
Hairspray ,0.06472675905190292,-0.056774206475909125
Assassins ,-0.1214865289926407,0.08444375856904221
Happy Feet 2 ,-0.05277155634570753,-0.07569539729523304
Righteous Kill ,-0.021167378247202634,-0.0918978895791965
The Mirror Has Two Faces ,-0.1630194636343573,0.09260920594816166
Shrek 2 ,0.2333332561085643,-0.04918377080834463
Back to the Future Part II ,0.08207088344156115,0.13684114430161098
Batman Begins ,1.0587710920944267,0.46612911632157106
Gulliver's Travels ,-0.11770253094196906,-0.15213489454850215
Feardotcom ,-0.2606168291127132,-0.15359423978411166
The Producers ,-0.014915691866769228,-0.031329183383109645
American Sniper ,0.7466523648285933,0.18316663515433815
The Dictator ,0.1509999888363303,-0.15486281275064773
Pearl Harbor ,0.19672552474651067,-0.035862642283534814
The Infiltrator ,-0.07558647488577519,0.022046502563141394
Wanted ,0.21876135535837923,-0.10750438921809259
Baby's Day Out ,-0.21529570904459575,0.06899279630470481
The Island of Dr. Moreau ,-0.24471204123747808,-0.040919584703257274
Jarhead ,0.12566621497814673,-0.03715882731885932
The SpongeBob Movie: Sponge Out of Water ,-0.02543972287204803,-0.11935222079410711
The Lego Movie ,0.4261011003918239,-0.18871302711132512
Star Wars: Episode II - Attack of the Clones ,0.47689233955615096,-0.10016103234608782
Moneyball ,0.39314954416678016,-0.16807806553325383
Nomad: The Warrior ,-0.19771048127160656,0.022363015429096494
Into the Storm ,-0.015535949975984436,-0.14648634079915723
The Social Network ,0.7706966377627682,0.37558619607212673
A Bug's Life ,0.04290559882309367,0.06457187609130899
Elysium ,0.372457068388846,-0.2204107513195041
Mr. Deeds ,-0.06219634831956643,-0.041134845462951215
Shall We Dance ,-0.09502197701842478,-0.02116813041945386
The Chronicles of Narnia: Prince Caspian ,0.13120998099520104,-0.07855737139544133
Kate & Leopold ,-0.05109515885526502,0.02291348756123076
A Thousand Words ,-0.16658368693494055,-0.04696278683575409
Resident Evil: Apocalypse ,0.013287821382202664,-0.053714055586423795
Ali ,0.03196117641544779,0.019973482697253065
The Twilight Saga: New Moon ,0.24782727743297556,-0.2955748879697294
Moulin Rouge! ,0.23450540483902804,0.059072259308892115
Thor: The Dark World ,0.5271682238040689,-0.2758150040548698
Back to the Future Part III ,0.023155466746753388,0.12781451804530963
Need for Speed ,0.15259597657922247,-0.1507619250489119
The Wolfman ,0.11378795866683003,-0.17119200460724893
X-Men Origins: Wolverine ,0.2835320897065531,-0.14182763592373024
Angels & Demons ,0.19996862551664313,-0.04361074740529815
Doom ,-0.009674419853989903,-0.12841171297275766
Lilo & Stitch ,0.05743591503500994,0.007599939103208355
Rio ,0.11784740311700972,-0.08290441416175252
Duplicity ,-0.002887243009716935,-0.0756999101852241
Alien 3 ,0.3252192679770539,0.5965990809416662
The Muppets ,0.20759685094029184,-0.1537132512649027
Clash of the Titans ,0.18845144319734833,-0.19119049420902712
Marley & Me ,0.07705890680963992,-0.027606399028564876
Spy Kids 3-D: Game Over ,-0.19497764343204593,-0.13587146254058066
Monster House ,0.0006409641522248502,-0.04897252913793332
Amélie ,0.2974347180386617,0.06528621522560862
American Gangster ,0.27197471929791806,-0.015735643107801164
Transcendence ,0.17588879990291892,-0.18634833370069598
42 ,0.11707188485399905,-0.041681779272995045
Failure to Launch ,-0.007492136616729251,-0.12804582840157602
Johnny English Reborn ,-0.055929544845155076,-0.0587312633268871
How Do You Know ,-0.09448798292865154,-0.103140637359826
The Invasion ,-0.025072964092380037,-0.09751948843822912
Dracula Untold ,0.08300952083403097,-0.1451326224722539
The Family Man ,-0.024502790490114633,0.042673980214088386
The Lion King ,0.3519831359994393,0.0745732431472642
The Reaping ,-0.07437662759956604,-0.08858808731969889
Secret Window ,0.028719070906690382,-0.03034011625359373
Thor ,0.5696380872959623,-0.28440671686452834
Man on the Moon ,0.020300778102760843,0.09533009249407502
The Princess Diaries 2: Royal Engagement ,-0.12300135281285624,-0.02822209806286647
Shadow Conspiracy ,-0.272378477196635,0.005121904333705671
Morning Glory ,-0.004954159546861002,-0.06892100662380142
Hellboy ,0.11114765364704643,-0.03112690400142843
Pirates of the Caribbean: Dead Man's Chest ,0.4863339004839191,-0.08095630591740205
Alex Rider: Operation Stormbreaker ,-0.21501826788779724,-0.05707416927626578
Les Misérables ,0.5683910775813097,-0.25204095747692645
xXx: State of the Union ,-0.2274051554079131,-0.09752948021842392
Minority Report ,0.45015256454606817,0.39893947504061755
Zookeeper ,-0.08139423532968466,-0.1345612012524358
Invictus ,0.3656737363447023,0.3695403405990684
Anna and the King ,-0.07878365567206654,0.06738450626034387
Muppets Most Wanted ,0.05431454537067198,-0.1337031182724671
The Adventures of Rocky & Bullwinkle ,-0.2703442443934746,-0.07921038454057461
Shanghai Noon ,-0.03629227402053442,0.014634291286167587
Unstoppable ,0.3010778661130008,0.20099516804510859
Bruce Almighty ,0.14415713341497957,-0.03704182505287751
The Pacifier ,-0.09040301229721737,-0.0699919373936853
The Scarlet Letter ,-0.21362326546110938,0.03337375307443048
Immortals ,0.10926416796085665,-0.12763669930278868
Cirque du Freak: The Vampire's Assistant ,-0.08113232930222711,-0.07207219593544668
Argo ,0.6092136955296191,-0.2672728256864004
Impostor ,-0.1459204801834822,0.021547552139633018
Scooby-Doo ,-0.09315497500431758,-0.10460142533714163
Sleepers ,-0.007841166107557036,0.133366229735943
Driven ,-0.17804356283612083,-0.07823254162814808
Eight Below ,6.481654345293769e-05,0.035006204344618846
Unbroken ,0.34541576257293916,0.17855559848895122
300 ,0.5488233414275615,-0.12966857314665628
The Gunman ,-0.03600300282624961,-0.12938416149902232
Man of the House ,-0.1987543019870744,-0.033791318395857264
Land of the Lost ,-0.08618631721466076,-0.10753735873141065
The Bourne Legacy ,0.300548100916831,-0.1873177060908796
The Legend of Hercules ,-0.15862833986659403,-0.18608365162497492
Entrapment ,-0.05189883741497203,-0.0009903107004523909
Jade ,-0.22866048125852823,0.024730683536248767
Hereafter ,0.3115909935934502,0.31333600065182216
The Alamo ,-0.10123431041166986,-0.006463380977251227
The Amazing Spider-Man 2 ,0.4498783941367769,-0.2350029922135013
The X Files ,-0.0016527681889329064,0.046296605095368
The Smurfs 2 ,-0.12312295263635153,-0.10583916762554746
Rush Hour 2 ,0.028125793345472286,0.002881052657134734
The Terminal ,0.27261369217266546,0.41591301330893793
Megamind ,0.18237545529219962,-0.09484119534908793
Your Highness ,0.045367546591225036,-0.17298003232161765
Pandorum ,0.03613621029715887,-0.05175607169064919
Æon Flux ,-0.06162407066462222,-0.08660398956334786
The Green Mile ,0.38565067120460617,0.12417639017151076
The Flintstones in Viva Rock Vegas ,-0.29637447203998013,-0.10968389480153391
The Avengers ,1.19334145937291,-0.4030012481775364
Crimson Tide ,0.11735941788614727,0.43027789600318944
Hollywood Homicide ,-0.12709450601854183,-0.0616466542641343
All the Pretty Horses ,-0.10122377726205074,0.0368875792215554
Bullet to the Head ,0.003485922126068672,-0.1585482056132686
Death to Smoochy ,-0.0945160122972854,0.013768022156700348
Supernova ,-0.19965955986950235,-0.051244399307131455
Talladega Nights: The Ballad of Ricky Bobby ,0.0488482956179485,-0.02952380332601281
Ice Age ,0.1603265417958591,0.022725048871030835
Bridget Jones: The Edge of Reason ,-0.08021953798644346,-0.040854289859805326
Striptease ,-0.25638817677008474,-0.03752131497170851
Maleficent ,0.3658858133321726,-0.21423210255255365
He's Just Not That Into You ,0.00535798996389303,-0.04990935202825045
The Twilight Saga: Breaking Dawn - Part 2 ,0.29668007345153624,-0.2872348911297548
Mulan ,0.039433046875279223,0.057455663715182625
Night at the Museum: Secret of the Tomb ,-0.016639950540589706,-0.09840628046544374
Bangkok Dangerous ,-0.14156947972492018,-0.07677368797553435
Alexander ,0.10740502783932718,-0.08888683740776397
The Juror ,-0.20423167368169498,0.03822224506251544
Jurassic Park ,0.6036441076923096,0.40393835553763596
The Hunger Games: Mockingjay - Part 1 ,0.49416399283245394,-0.2754826595766916
Predators ,0.16695921527879315,-0.14899515319482604
The Prince of Egypt ,-0.024257110019896694,0.05122067533179626
The Incredibles ,0.34041221472569616,0.005096967777528709
Scream 4 ,0.1907375308976778,-0.20702625649073764
Live Free or Die Hard ,0.28144997285920925,-0.08508812159895181
Captain Corelli's Mandolin ,-0.12492941546798222,0.007968211170094781
Elizabethtown ,0.012953614553228094,-0.03071286159486602
Rush Hour 3 ,-0.007721280408298897,-0.0547952077702555
Disturbia ,0.10953740399504494,-0.05590580223414225
The Tale of Despereaux ,-0.09966219130696147,-0.04672912848200344
Seventh Son ,-0.07354989584771973,-0.13518774731121674
Evita ,-0.11515249861821418,0.06963307879761702
Little Fockers ,-0.03411655535140017,-0.13172071658209558
Eat Pray Love ,0.029826471392737218,-0.10444879654686931
Sinbad: Legend of the Seven Seas ,-0.10994515584380297,0.02526709555024599
Avengers: Age of Ultron ,0.8902194896972886,-0.4187818110151594
Tomorrowland ,0.2748405989994423,-0.20811686432182425
Firewall ,-0.04543525704259514,-0.0832411333862802
The Taking of Pelham 1 2 3 ,0.22275381387842336,0.22301225175905667
2012 ,0.2662629531039472,-0.16261365450529916
K-PAX ,0.042156025428904516,0.0545429547100655
Hugo ,0.746214439380638,0.18753538930959576
Jack and Jill ,-0.1793361137944463,-0.2257104043000029
The Great Raid ,-0.0984796544605121,0.04296028097579664
Collateral Damage ,-0.1081074763249368,-0.045618387634618326
The Story of Us ,-0.1487137998654598,0.0016164976908082038
Winter's Tale ,-0.026009403282111446,-0.09225365816531994
Alvin and the Chipmunks ,-0.0714980734337804,-0.11628387021293801
Jack Reacher ,0.26658526949073413,-0.14942038922276848
Green Lantern ,0.23405924552483168,-0.24307965767532072
The Hunchback of Notre Dame ,-0.06706016970213588,0.07192855745863207
As Good as It Gets ,0.1198803195856851,0.08899429912672745
Unbroken ,0.34541576257293916,0.17855559848895122
Volcano ,-0.1620773382150138,-0.0055501691529909435
Just Go with It ,0.0605079670954535,-0.08256761633238702
Days of Thunder ,-0.0012436113845654406,0.3875581890403539
Dreamcatcher ,-0.031227538182743927,-0.04613439587236039
The Avengers ,1.19334145937291,-0.4030012481775364
Notting Hill ,0.06473051161682034,0.034528830410200245
Star Trek ,0.767021163149136,0.21469058575051925
Behind Enemy Lines ,-0.048432621098265155,0.0085619780819137
Happily N'Ever After ,-0.2360199738839177,-0.11232663784574361
2 Fast 2 Furious ,-0.007131592353142978,-0.044945814822107175
Holy Man ,-0.2321457366703463,-0.01663264415924682
A Civil Action ,-0.08292457336051523,0.04098734799538631
The Lord of the Rings: The Return of the King ,0.789658798229731,0.03731772731120532
50 First Dates ,0.05237769014710876,-0.004835909056221479
Double Jeopardy ,-0.04320085884275451,0.008066783991362363
The Simpsons Movie ,0.2279983938964622,-0.07407860845360449
Toy Story 2 ,0.2055081395474547,0.04987821232939876
The Heat ,0.14779093149011424,-0.12828111044029372
The Pelican Brief ,-0.1018845477331451,0.09488855984278094
The Other Guys ,0.13464493219117865,-0.09273010349617031
Gravity ,0.8313631501562351,-0.3531203577710172
Scary Movie 3 ,-0.06899119175197517,-0.07875347292058356
A Sound of Thunder ,-0.21589186703824886,-0.12075007886852589
Snow White and the Huntsman ,0.3736841784677426,-0.27206929179647776
Jack Ryan: Shadow Recruit ,0.09184272999195175,-0.16727538016853055
The Aviator ,0.439616208820159,0.458768406166545
Blended ,0.008973752394385472,-0.07449775108040384
Face/Off ,0.11105669478490451,0.07922657974054893
Raise the Titanic ,-0.2871193730730328,0.0736986825750868
Hercules ,0.05166338193755468,-0.13799286998904842
Basic ,-0.06834361196744057,0.008498538967998107
Fever Pitch ,-0.09045979282488792,-0.019434302295595555
Collateral ,0.23373486948919547,-0.028329377506612928
Jupiter Ascending ,0.25865169650791603,-0.31017000700587316
The Peanuts Movie ,0.07196750832217645,-0.08422976498109672
Click ,0.07091035742265878,-0.045470381810305646
Colombiana ,0.0075724874085759345,-0.07811252492085421
Rise of the Planet of the Apes ,0.4771351049318382,-0.20358446849313708
Children of Men ,0.31658611520295976,-0.054306652265426136
Kill Bill: Vol. 1 ,0.6547283208718456,0.4203668211773959
Bowfinger ,-0.0620742010400305,-0.0007361172433075457
Scary Movie 2 ,-0.10830438189538735,-0.06032476551156301
The Jungle Book ,0.4304480562090324,-0.07068709795582803
Runaway Bride ,-0.08636496894731976,-0.03500616743077122
The Last Castle ,-0.05687640238251201,0.053462234858937766
Maid in Manhattan ,-0.126369967805775,-0.06907568541989956
Monsters vs. Aliens ,0.07001461570609485,-0.09669647663966004
Man of Steel ,0.8500294860882849,-0.36625532639532216
Up ,0.4983182454319257,-0.09813898470369653
Memoirs of an Invisible Man ,-0.20956767392871398,0.06748771477610507
The Host ,0.08690513012689528,-0.15630757496123687
The 6th Day ,-0.047655522207813224,-0.030437944567939988
The Polar Express ,-0.002726788109588152,-0.025601855627794035
Rent ,0.01338219458317607,0.017555428993759968
Broken Arrow ,-0.12300405883987633,0.05084869856396994
The Adventures of Tintin ,0.47775176945167563,0.2182298380005021
Sex and the City 2 ,-0.05595227374152427,-0.1908116206983993
Meet Joe Black ,0.0340329215951711,0.09651989823925532
Insomnia ,0.3601321440304703,0.6204022773223985
The Tourist ,0.14485607003004242,-0.17557336693836334
The Thomas Crown Affair ,-0.004061500364907919,0.031617848824510505
The Fifth Element ,0.2078797249802116,0.0336389906513819
The Twilight Saga: Eclipse ,0.22195722863583922,-0.2794733064039526
Doctor Dolittle ,-0.1497757254373827,-0.028211884787103885
Extreme Ops ,-0.2657847125662627,-0.06325663161374914
Bicentennial Man ,-0.04226036278659848,0.05855787251094323
Money Train ,-0.20893143482158094,0.038935618939098
Enchanted ,0.09581299541984084,-0.03941903618769193
Hotel Transylvania 2 ,0.02755826905609414,-0.08189983344568512
Dragonfly ,-0.10471517418010279,0.00018100976402044867
Casper ,-0.16241619070083851,0.05960450740890794
Tin Cup ,-0.13638963493525208,0.07281581184987865
Inspector Gadget ,-0.21780165452488381,-0.08569985208876381
Dredd ,0.2610648167224738,-0.1704748263803074
The Fast and the Furious ,0.15435175482979918,-0.03128850841522512
Underworld: Evolution ,0.05523672076471112,-0.031410967120793346
Anaconda ,-0.1705771122253946,-0.07420823843872376
Little Nicky ,-0.1589505943147126,-0.03316208795752217
Thirteen Days ,0.012470672551613961,0.059932579322604554
K-19: The Widowmaker ,-0.03911604194025952,0.02526799950826874
The Bourne Supremacy ,0.23325932263209345,0.016493176870651514
Unbreakable ,0.22216023782482683,-0.03924975832396038
Hidalgo ,0.0010047832149085272,0.012948848579754972
Despicable Me ,0.3013945521196233,-0.08484998396315173
This Means War ,0.057852330433237176,-0.10820310830513252
Tears of the Sun ,-0.04235076435388184,0.06023350829475454
End of Days ,-0.03573708198404502,-0.04429480133484921
I Am Number Four ,0.09871522865207155,-0.1394075993260999
Around the World in 80 Days ,-0.053646153331298074,-0.05932719222940323
Now You See Me ,0.38383597509472617,-0.157556174325752
Daylight ,-0.16042535188325519,0.04402838891217369
The Skeleton Key ,-0.001130950614752377,-0.039286454980509734
X-Men ,0.28989935357776386,-0.02408370186831983
Littleman ,-0.21210448895782674,-0.10349314633391023
Star Trek Beyond ,0.21795024081222858,-0.10327272728560143
Cellular ,-0.06421739427079555,0.0005024557501848751
Dreamgirls ,0.07683255605748004,-0.06020430872268609
We Were Soldiers ,0.040293824326138164,0.03455410279401129
The Last Witch Hunter ,-0.018840618431203316,-0.12524454598439888
The Sixth Sense ,0.4339648398441764,0.0310097205221389
Cars 2 ,0.14712560427203897,-0.1467870809959415
Night at the Museum ,0.10980298100184233,-0.06738709606672204
The One ,-0.11700698042972148,-0.014561843873691877
Dr. Dolittle 2 ,-0.18891280968758675,-0.08777120608546282
Murder by Numbers ,-0.07783683126203847,-0.013832779137848614
Lucy ,0.344936259945157,-0.2531964407610087
War Horse ,0.4402047501899517,0.24278356142964191
Changeling ,0.372031914266841,0.4265255595849381
The Kingdom ,0.07135689736950386,-0.02256759738457044
Revolutionary Road ,0.22976546762661154,-0.11365030959940754
Salt ,0.18431869552442973,-0.14891996034395844
Bandits ,-0.04966052839289206,0.028029832526916976
The Other Woman ,0.003982845746340714,-0.10650137110101181
Armageddon ,0.1652001439907431,0.004818917858304777
Wild Wild West ,-0.12157059689549729,-0.05377769903246274
Paycheck ,0.007833559275909287,-0.02405789251173481
Madagascar ,0.09254514402550408,-0.030344227605856477
Basic Instinct 2 ,-0.16668608268888965,-0.14226399017938868
The Italian Job ,0.0743246064712492,0.0234807934044489
G-Force ,-0.112906264223835,-0.1264820901140069
Point Break ,-0.07357021172233993,-0.14837270158109223
Shaft ,-0.05866570631222026,-0.031395954362748155
Captain America: Civil War ,0.6972391775557572,-0.2677576755181065
The Truman Show ,0.28389438603898265,0.08585269557112056
Gone Girl ,0.93201228256562,0.3484925692006421
The Hunger Games: Catching Fire ,0.6255479164762345,-0.22038658129230104
Oblivion ,0.4660060571973016,-0.2371480519031927
Cloudy with a Chance of Meatballs 2 ,-0.0016935685434540087,-0.08279128715686618
The Lovely Bones ,0.14316359774919662,-0.10150287374724466
Two Brothers ,-0.08743051631937132,0.06057713763641351
Hollow Man ,-0.014290565196867817,-0.03163731051604261
The League of Extraordinary Gentlemen ,0.014792531754110773,-0.07546240601153384
Bulletproof Monk ,-0.13434791894163065,-0.0505502235933888
Two Weeks Notice ,-0.07373829318527131,-0.01572218200854306
Toy Story 3 ,0.5654639180681622,-0.14486394586771426
Space Cowboys ,0.19292327573977158,0.426998723880278
Alfie ,-0.09673530812190645,-0.02110357662040218
Hotel for Dogs ,-0.1421854690970139,-0.08174648964281356
Chicken Little ,-0.05069033122696349,-0.0815787955955439
Vanilla Sky ,0.10356040420127949,0.04001584347904938
The International ,0.038621375977921396,-0.06039286857046722
Ted 2 ,0.17132256490954795,-0.0776771936112174
Sherlock Holmes ,0.4086252529556643,-0.1251255435882441
A League of Their Own ,-0.07010525806031717,0.15022609451172586
The Phantom ,-0.2299741930017692,-0.015219675212866258
Suicide Squad ,0.3408436221778585,-0.21279856811353307
Flightplan ,0.047109133923946826,-0.08001224984409035
The Phantom of the Opera ,0.13964750582000524,0.055431917518848337
Batman v Superman: Dawn of Justice ,0.8705131722509438,-0.39621022323173727
The Forbidden Kingdom ,0.009366546672404049,-0.054568499307547265
The Final Destination ,0.02834661662247099,-0.1964425029994083
American Reunion ,0.12923944747763572,-0.12601129397637134
Into the Woods ,0.27367884496818995,-0.24891915337480758
Ocean's Twelve ,0.09581147004137036,-0.04430031660211161
Cloud Atlas ,0.4738812729225462,-0.17986099288462734
The Emperor's New Groove ,-0.0003355524194628978,0.041980487177935545
Antz ,-0.03386890827243299,0.015442696786494303
The Adventures of Ford Fairlane ,-0.1767683306289307,0.0994003003684986
S.W.A.T. ,-0.022687529594257915,-0.03913145188859388
Aliens vs. Predator: Requiem ,-0.04240377726812155,-0.1577777022558288
Wyatt Earp ,-0.08992191530995508,0.15135093712816655
The Fan ,-0.03340032800047045,0.36822053090637924
Ray ,0.1303587719319796,0.04486527528214142
World Trade Center ,0.04163060572111951,-0.09430118686005523
Eyes Wide Shut ,0.22696430850045574,0.002897072688209712
Alvin and the Chipmunks: The Road Chip ,-0.17627776432804082,-0.12246529340095005
Charlie's Angels: Full Throttle ,-0.11502574225608744,-0.07588832452611091
Hitch ,0.07963835588988201,-0.032659475589431275
Courage Under Fire ,-0.10318233883051078,0.0789649211325506
Training Day ,0.08695240667469926,0.11344939427456766
From Paris with Love ,-0.009570689314261981,-0.06413252821965354
Exorcist: The Beginning ,-0.09778229062624283,-0.08650298625121935
The Talented Mr. Ripley ,0.11365418848864028,0.036837202091988645
Gothika ,-0.020970857229589385,-0.07148304815968098
Rambo: First Blood Part II ,-0.06584499622511965,0.08755758913500362
Vantage Point ,0.05523853868555535,-0.08099119696717448
Mickey Blue Eyes ,-0.15306662542728272,0.0020734424484420005
Harry Potter and the Prisoner of Azkaban ,0.4193446880231018,-0.06339383657095785
Journey 2: The Mysterious Island ,-0.03358831922287923,-0.11999896438976584
Get Hard ,-0.012958482419293357,-0.11292492143202143
The Adventures of Pluto Nash ,-0.28196919545083426,-0.10727519796005704
Stepmom ,-0.082814505238725,0.0659096084786889
Mirror Mirror ,0.12147652456964755,-0.20797374789236273
Mighty Joe Young ,-0.1969137429360039,0.0272180204809892
The Magic Sword: Quest for Camelot ,-0.19207886635252666,0.05186165770816834
The Time Machine ,-0.0703969049193276,-0.026637749308030204
The Prestige ,0.8686509198227486,0.5149897987338948
The Fast and the Furious: Tokyo Drift ,-0.021969277624841285,-0.03675129447147774
The Lone Ranger ,0.3219009975409778,-0.20381026598578367
The Dark Knight ,1.6261587916271059,0.37911275564920444
Fantastic 4: Rise of the Silver Surfer ,0.06762879111487859,-0.1447876487823156
The Hobbit: The Battle of the Five Armies ,0.4603501806954519,-0.17024147004071333
Prisoners ,0.4609517852878587,-0.11632861827623411
G.I. Joe: Retaliation ,0.1701678165979467,-0.21644052599410485
Olympus Has Fallen ,0.24692358218695462,-0.16125590951063343
The Shadow ,-0.16914757601197095,0.047287322337077164
The Lord of the Rings: The Two Towers ,0.6649540510469012,0.04374540225102928
Harry Potter and the Order of the Phoenix ,0.37080580674056635,-0.07901113294346239
Delgo ,-0.27923738602411585,-0.09061243198856117
The Chronicles of Narnia: The Voyage of the Dawn Treader ,0.04581588830822574,-0.09620354314037755
The Interpreter ,0.047870233046611095,-0.04459304142965997
Shrek the Third ,0.12804993632616035,-0.12598035827625187
Super 8 ,0.5970190099759933,0.15407450083863908
Inglourious Basterds ,0.9018290067039961,0.29067004743257646
The Game ,0.36185300744945015,0.6642751582490422
On Deadly Ground ,-0.26505361138084604,-0.02830336401404923
Death Race ,0.04269220725954293,-0.06300985146366367
Quantum of Solace ,0.3214861259107892,-0.1504460383545664
Hudson Hawk ,-0.1857013908772322,0.05322077604031722
Captain Phillips ,0.4428787329350503,-0.15251747246196673
Night at the Museum: Battle of the Smithsonian ,0.028591769571123075,-0.10628800786966855
Iron Man 3 ,0.7664430616554042,-0.27576095668696615
The Legend of Bagger Vance ,0.0037926658949025693,-0.00325804416435399
Eragon ,-0.0007374312974146599,-0.1144519365391629
The Book of Eli ,0.27543034282381307,-0.15700800270912801
Jason Bourne ,0.14107198697317058,-0.09819473024062897
G.I. Joe: The Rise of Cobra ,0.08849375149427947,-0.13232383912558404
City Hall ,-0.16992694548231624,0.06081418911888936
Hanging Up ,-0.22430378844086793,-0.06124129571698757
Terminator Salvation ,0.30500372404897186,-0.16614887495739541
Starsky & Hutch ,-0.014177950407560624,-0.04358445407624935
Batman & Robin ,-0.06546382184898045,-0.13384483773470013
Son of the Mask ,-0.34130001411845023,-0.21424604213888976
The Rundown ,-0.022567073785929776,0.013215240373576489
Despicable Me 2 ,0.337834804135999,-0.13443542200957323
The Hunting Party ,-0.10426033761700383,0.02745795424234084
The Adjustment Bureau ,0.2568635861722102,-0.15857213078471874
Child 44 ,-0.020151593382007064,-0.07350597983316605
The Spiderwick Chronicles ,0.00478469937311019,-0.052478950147039044
Robin Hood ,0.2237143489545066,-0.1245870313273753
The Cable Guy ,-0.12257376228430672,0.033705050534729164
Something's Gotta Give ,0.01913655939104891,0.007939672754233261
Fury ,0.3751348839821702,-0.14170699960700162
Three Kings ,0.03163315102070232,0.06392664616522045
Domino ,0.1146246488058475,0.2720915197263217
Lincoln ,0.6488029392703911,0.1553312797673536
Mad City ,-0.16344608274171651,0.06491946364993725
Flight of the Phoenix ,-0.10178583561090279,-0.009233730918021129
Battlefield Earth ,-0.1863817875622524,-0.21964692835661345
Step Brothers ,0.05218194828635696,-0.018893513244936523
Jingle All the Way ,-0.16686285172829607,-0.004977174670205028
Gladiator ,0.5482729201085547,0.07335471492672166
Edge of Darkness ,0.061888688332036396,-0.08368686439339826
The Warlords ,-0.07694805041331154,0.03338434465536367
Jersey Boys ,0.2727768988478041,0.34845536914414804
Grindhouse ,0.16449266499189458,0.008677435250177307
2 Guns ,0.10584789941726529,-0.10875458541426714
Harry Potter and the Goblet of Fire ,0.470540257893409,-0.08278018096122021
London Has Fallen ,0.022119551246611534,-0.15958425435268483
Tangled ,0.2843307803096905,-0.08476380263647358
Scream 3 ,-0.003982544179108614,-0.08256860045758205
Boomerang ,-0.21898850525539112,0.05127118774764133
Mars Needs Moms ,-0.14160231262617937,-0.10141578347212381
Spider-Man ,0.4723391039302788,-0.08437009551283497
The Haunted Mansion ,-0.15641595509375034,-0.09124721230802414
The Day the Earth Stood Still ,0.06028095964793233,-0.14707779264970008
The Godfather: Part III ,0.06575728386316325,0.15515516297986207
The Santa Clause 2 ,-0.1282089565816177,-0.03639136313985736
13 Hours ,0.09833301767445576,-0.054916984171370434
What Women Want ,0.03870010363489568,-0.0019243209729003774
Mission: Impossible III ,0.4006712720420405,0.2913524044371066
Dream House ,-0.06879132752066174,-0.08560823453843946
Lethal Weapon 4 ,0.0061340471416167705,0.036602554367468246
In the Name of the King: A Dungeon Siege Tale ,-0.16651783318507746,-0.1256179415511933
Die Another Day ,0.15149162563981092,-0.08764324598055488
Master and Commander: The Far Side of the World ,0.15510861744140228,0.01572368115212399
The Legend of Tarzan ,0.0956248694801747,-0.1303350812486364
Hellboy II: The Golden Army ,0.1846625839320643,-0.09925051002610563
Fun with Dick and Jane ,-0.05002512821755649,-0.044904692690072676
