movie_title,MDS_1,MDS_2
Kingpin,4.331133138,1.747337527
I Know What You Did Last Summer,3.031192394,1.77645899
Wicker Park,5.09519826,0.621882285
Shakespeare in Love,2.582698716,-1.407343114
Fatal Attraction,0.445115762,0.634501851
Scary Movie 5,-4.856638796,3.517021411
The Santa Clause,2.122530888,1.86104328
Rugrats in Paris: The Movie,3.004721639,3.243713684
Megiddo: The Omega Code 2,-1.745802219,5.266586519
Kick-Ass,-5.274316345,-6.615001307
A Nightmare on Elm Street,-0.840913983,-2.162881781
The Whole Nine Yards,4.964543297,0.51214329
One Night with the King,3.903428441,2.627725631
You Again,3.453716053,2.56753235
Hide and Seek,5.064141052,0.184613528
RocknRolla,1.961237491,-2.320905257
The Quick and the Dead,4.128884923,2.567803083
The Fast and the Furious,-0.73764092,-2.386093939
Teenage Mutant Ninja Turtles III,0.664036883,4.682412353
Bad Grandpa,3.90195049,-0.898494746
88 Minutes,5.434031959,1.064965
Connie and Carla,4.91111373,2.552127107
Triple 9,3.090722251,-1.304546633
Bride of Chucky,3.034056054,3.723511422
Monte Carlo,4.354272521,2.631099664
Hoodwinked!,4.945600375,0.690795507
This Is the End,-10.04813389,-5.771787129
House on Haunted Hill,3.664640206,2.142273189
Holes,4.859083475,0.009753411
Urban Legends: Final Cut,-0.894621938,4.699876783
How to Deal,3.768675961,4.00047552
Predator 2,3.392343226,1.92773371
Double Take,2.344941117,4.635618617
The Bridges of Madison County,-15.14867107,-0.264530313
Honey,3.565978303,4.057753614
Dylan Dog: Dead of Night,2.26078841,3.567598009
The Princess Bride,-1.838675428,-2.362096115
Buffalo Soldiers,5.115561803,1.218378625
The Homesman,4.107179731,-1.374270445
Three to Tango,4.515397821,3.044316213
Soul Surfer,4.55366749,-0.118366761
Ramona and Beezus,4.74249151,1.486708678
The Woman in Black,-2.987045409,-5.557749538
Lucky Number Slevin,1.593980589,-3.168914508
The Thing,-3.991206693,-3.478529241
Big,0.239629377,-0.148110676
Keeping the Faith,4.984981263,0.634445791
About a Boy,4.857312833,-0.894728548
3 Ninjas Kick Back,-1.77921379,5.315934205
Warriors of Virtue,-0.137454026,5.145985944
Last Vegas,3.484107136,-2.320001969
Goodfellas,-21.49803747,-3.048745334
The End of the Affair,4.458584726,1.055275885
Dances with Wolves,-8.584762995,-1.669077447
Star Wars: Episode VI - Return of the Jedi,-10.69982882,-4.333324932
The Bridge of San Luis Rey,1.148018382,4.526295823
House of Sand and Fog,3.572796981,-1.646525462
The Longest Ride,3.266878411,-0.748007442
Bad Teacher,1.821883622,-2.80851308
Valiant,3.277146572,3.597698669
Diary of a Wimpy Kid: Dog Days,4.478599793,1.676428169
My Soul to Take,1.09204746,3.515254305
Mrs. Doubtfire,-1.61564811,0.024411126
Marvin's Room,-7.642216552,0.766225029
Big Trouble in Little China,1.239065552,-0.548419816
The Naked Gun 2½: The Smell of Fear,1.113922065,1.952852084
Midnight Special,2.965308274,-2.672676685
Chill Factor,2.591804107,4.471938176
Anonymous,2.2957404,-3.157566627
L.A. Confidential,-2.082795424,-3.263511871
Furry Vengeance,-2.431752908,4.702109595
Jimmy Neutron: Boy Genius,3.653621814,3.019671971
Crazy in Alabama,3.837689235,3.37414588
The Wedding Planner,3.213414333,3.709788846
Southpaw,0.409479555,-4.731407425
A Simple Plan,3.846313833,-0.61645321
The Kite Runner,3.334920821,-2.404981846
Manderlay,2.037207164,-0.803872727
City of Ghosts,3.764671291,3.51638262
Jonah: A VeggieTales Movie,3.677460028,2.782445625
The Notebook,-2.369782233,-3.34628697
Safe Haven,4.325226268,-1.57609067
The Constant Gardener,2.991155534,-3.008754351
The Conjuring,-10.33013945,-7.412696366
Punch-Drunk Love,2.128653919,-2.827319725
Money Talks,3.639809086,3.694299013
Baby Mama,5.275958448,1.289595381
Step Up 3D,5.2199582,0.720894657
The Imaginarium of Doctor Parnassus,2.763549716,-3.351063717
Ride with the Devil,3.004635319,0.981491372
Without Limits,2.579140451,1.869896138
Because of Winn-Dixie,4.679244819,1.908170467
The Hunt for Red October,0.146190356,-0.606887496
Leap Year,5.228105507,0.662923772
Agent Cody Banks,2.257764134,4.444208016
Disturbing Behavior,3.235115263,3.761959738
Predator,-0.744466118,-2.655267476
Groundhog Day,-10.09513903,-2.16772121
Reindeer Games,4.450271528,2.361020979
The World's End,-2.956172043,-5.547873564
Remember Me,4.189606841,-1.517104918
Selma,-0.504062156,-5.046625391
Cool Runnings,2.848172323,2.146745943
Delivery Man,1.653575159,-0.130058025
Slow Burn,3.569621593,3.75443395
Reign Over Me,4.098455924,-1.511753518
The Conspirator,4.266330643,-1.490098116
Why Did I Get Married Too?,-1.935435907,4.053651721
Birth,5.318631706,0.940131187
Vamps,1.353814389,4.423238989
Broken City,2.547587236,-2.765312507
Mandela: Long Walk to Freedom,2.853364237,-2.119539924
Men of Honor,3.542690279,-0.024524264
Match Point,-8.494529857,-2.924505374
Dance Flick,-3.703632829,4.862025796
I Don't Know How She Does It,0.891411885,3.294317506
The Silence of the Lambs,-10.57793642,-4.668179735
Freddy vs. Jason,1.725686822,-2.059123573
Faster,5.100922526,-0.92890302
Parker,4.033740407,-1.745858038
Romeo Must Die,4.706922632,2.471802915
Flight,-4.67667767,-6.548653669
Twilight,-11.09691972,-4.240005364
Must Love Dogs,5.225625143,2.24795434
Kung Fu Hustle,-0.898182815,-4.632911744
The Shipping News,5.250011483,0.90073511
Rapa Nui,2.688891253,3.724269474
The Mask,1.311541618,0.577406426
A Guy Thing,4.049790742,3.764003258
Larry Crowne,-12.74157989,-0.672737344
One True Thing,3.787340078,1.546528798
The Cell,4.063710138,-1.342474799
Get on Up,3.428254209,-1.132952193
Rob Roy,2.435678658,1.657895926
Vampires Suck,-4.380016652,4.063841328
Glory,-0.83479945,0.040463935
I Still Know What You Did Last Summer,0.315632241,3.629395804
The Prince of Tides,1.728518906,2.370498481
Knocked Up,0.886116291,-3.78853097
Down to Earth,2.940660504,4.152463666
Pitch Perfect,2.483496134,-3.118094155
The Addams Family,1.969441021,1.593263863
Death at a Funeral,3.837595182,-1.190899022
Max,2.906377858,0.686548972
In & Out,4.312870489,2.430210674
DOA: Dead or Alive,1.094327548,4.253348281
National Lampoon's Vacation,-8.943709837,0.481217988
A Cinderella Story,4.57685234,3.042780691
The Bodyguard,1.609099885,2.255437725
Kiss the Girls,4.898093899,1.854224209
Dodgeball: A True Underdog Story,3.807306284,-1.635571364
Ghost,-1.157287166,-0.078464274
Arlington Road,4.528447025,-0.960821985
Contraband,3.330034917,-2.781098772
This Is 40,2.414572664,-3.125201832
The Adventures of Elmo in Grouchland,2.582288556,4.016195205
The Net,3.495227663,3.582346046
Brazil,-1.839323424,-2.409177048
Warm Bodies,-4.493229923,-5.934046018
Stomp the Yard,2.819904106,3.797629763
Nacho Libre,4.555207289,0.877867342
Just Married,3.877666856,3.698455004
Poltergeist,-0.394213638,-1.522606068
Bon voyage,3.905944308,1.644288864
Bride Wars,3.597895634,2.346527848
An American Haunting,1.347350755,3.222799653
Idlewild,4.47487778,2.295408827
Ace Ventura: When Nature Calls,2.716969428,2.04716624
Hot Fuzz,-0.50933946,-4.771002528
Wing Commander,-1.107119619,4.784673684
Pineapple Express,3.026214047,-3.064279385
The Fog,-0.108042436,-0.06033785
Bridge to Terabithia,2.558371074,-1.878106276
From Dusk Till Dawn,3.005437467,-1.627186884
Three Burials,4.29171558,-1.315235286
Beverly Hills Cop,-2.546730108,-0.238432458
Texas Chainsaw 3D,-1.241602949,0.465222278
The Quiet American,5.12096409,-0.068827166
Love the Coopers,-1.401823612,1.872802513
Conan the Destroyer,1.325289211,3.325634249
Hit and Run,4.238666422,0.248686228
Our Family Wedding,1.422130529,4.507846678
Abduction,1.449523406,2.434078453
Toy Story,-6.045426218,-3.185648939
Little Women,1.451408666,1.514453062
The Yards,5.010934626,2.166697704
A Scanner Darkly,2.671412833,-2.004193841
Deconstructing Harry,-7.450012316,-0.0467939
Into the Wild,-4.35391774,-4.978982948
The Place Beyond the Pines,-2.845045418,-5.788646841
A Simple Wish,1.871141306,4.700442721
12 Rounds,4.524806833,2.899017483
A Walk Among the Tombstones,3.705738431,-2.643263015
Pushing Tin,3.955563244,3.120178088
The Blues Brothers,-2.463519313,-0.766882482
Can't Stop the Music,-3.30371968,4.333869961
Idle Hands,4.329188422,3.161906573
Peeples,0.889474831,3.970997093
The Animal,1.213208259,4.599103473
The Good German,5.14557156,0.560943343
The Men Who Stare at Goats,2.937857257,-2.445479088
The Pirates Who Don't Do Anything: A VeggieTales Movie,2.767327103,3.989411577
Shadowlands,1.176099413,1.685932823
The Right Stuff,-4.705164316,-0.12720781
Speed,1.507289251,-0.842805148
Loser,3.24343832,4.27650636
The Nutcracker,1.742896804,4.552466884
The Texas Chainsaw Massacre: The Beginning,4.381323473,0.065154188
Black Nativity,-1.455314143,4.733286593
Psycho,-18.41606049,-2.5283415
Dragon Wars: D-War,-3.020820573,4.584853443
My Fellow Americans,3.628383014,3.2883661
The Grudge 2,1.563795626,2.822372465
Zoom,-1.441695923,4.894945797
Hotel Rwanda,1.032651942,-3.370405995
Drowning Mona,3.959531169,3.775789979
Saving Mr. Banks,-2.00256076,-5.79628837
Harley Davidson and the Marlboro Man,2.478081464,4.029523501
Vicky Cristina Barcelona,-7.820829657,-2.55185271
The Good Night,3.791381785,3.644684827
The Hills Have Eyes II,2.280606008,3.239575711
The Salton Sea,4.484390026,1.062609083
The Possession,3.158230447,-2.122338599
Black Rain,2.503574976,2.26330235
1911,3.611842719,2.657998271
Assault on Precinct 13,5.660387521,0.746432893
Extraordinary Measures,5.142804186,0.946776431
Friends with Benefits,2.528760238,-2.936575893
30 Days of Night,2.639527855,-3.408137031
Lee Daniels' The Butler,0.504424389,-4.474774949
From Hell,3.993779686,-1.646801636
Switchback,3.913979976,3.137363111
The Baader Meinhof Complex,-0.619263189,-1.312698706
Confidence,5.287166966,1.214321842
The Big Lebowski,-12.07746557,-4.478448979
Agent Cody Banks 2: Destination London,0.057457688,4.932526276
Clockstoppers,2.641917603,4.357034581
Home Alone 2: Lost in New York,0.077008516,1.064749027
The Crew,2.943282353,4.191570454
Gran Torino,-19.04407051,-4.533496261
Home for the Holidays,3.891733296,2.895529988
The 5th Wave,1.433317218,0.646159685
Ella Enchanted,5.180573467,2.165911891
The Best of Me,3.938685173,0.625100551
Deuce Bigalow: Male Gigolo,4.067489192,3.29169757
The Pianist,-4.218345719,-3.858305762
Post Grad,2.6531774,3.912005178
W.,4.111514034,-1.831682412
Laws of Attraction,4.644350695,3.10042646
The Object of My Affection,4.352839401,3.289230167
Pan's Labyrinth,-5.619863842,-6.313523977
The 40-Year-Old Virgin,1.776579343,-3.230428789
Goal! The Dream Begins,5.013365191,1.19626456
Joe Somebody,3.446516744,4.264983917
Willard,5.282444058,1.826759139
The Assassin,3.863751954,-0.851028171
Jay and Silent Bob Strike Back,3.12638671,-1.236140923
When the Game Stands Tall,3.404103087,1.441784237
Moonrise Kingdom,-6.446531487,-6.610083817
Boat Trip,1.516202556,4.719160699
An Unfinished Life,5.051984889,0.688421804
Grudge Match,3.730135031,-1.416203088
Blindness,4.34389195,-1.606999212
Double Impact,2.03594885,4.27322755
Dumb and Dumberer: When Harry Met Lloyd,-3.98757805,4.824372721
Don't Be Afraid of the Dark,1.947070715,-2.106316372
Left Behind,-5.657183368,3.45949282
Nurse Betty,5.09577665,0.97699842
Identity Thief,1.336154198,-2.681930405
Stolen,3.284688933,3.376760122
A View to a Kill,1.617800277,1.68344376
The Replacement Killers,4.83386266,2.59880618
The Good Thief,5.249039519,1.683506143
Larry the Cable Guy: Health Inspector,-5.581103382,5.208219269
The Reader,1.35328845,-4.365117227
9,2.790861277,-2.824809799
The Sisterhood of the Traveling Pants,5.154729032,1.310182222
Her,-13.65942293,-7.880057628
Paul Blart: Mall Cop,2.618056015,2.749894653
The King's Speech,-8.196978247,-7.330380229
Where the Heart Is,4.838501377,1.486783337
People I Know,2.996805944,4.337598908
Atonement,0.443224775,-4.855550058
Welcome to Mooseport,3.031006955,4.267665779
Taken,-3.824234047,-5.4873324
The Express,3.428803755,0.26021308
The Newton Boys,3.650766768,3.162917585
John Q,5.068643422,-0.4363609
Spy Hard,1.653251158,4.683470612
Mystic River,-16.33572085,-2.631540991
Good Boy!,2.023974086,4.700835532
Wall Street,1.051987945,0.148214748
Burnt,4.344083115,-1.005037762
Life as a House,3.429685114,-0.263669572
Sicario,-5.257238476,-6.693069384
Austin Powers: The Spy Who Shagged Me,-0.005335315,-1.960453154
Roar,-0.060250951,2.984107708
Vampires,4.925170991,2.130669248
Nim's Island,5.088693698,1.553303327
Species,4.072880732,2.962796915
On the Road,0.26194437,-1.770581274
Eye of the Beholder,1.787433236,4.269191294
Radio Flyer,1.629189402,2.738758185
Open Range,3.132108045,-1.698176961
A Bridge Too Far,-7.064703987,0.727690224
Ghost Ship,3.941560916,2.141951527
The In Crowd,0.263182292,4.958012862
Urban Legend,3.435081685,3.282322112
The Borrowers,3.236026487,4.085972543
The Fisher King,0.852932016,0.172749796
Tombstone,0.632425517,-0.477311638
And So It Goes,3.520385944,2.775250429
Here on Earth,2.063339269,4.786679519
Money Monster,2.945661229,-2.734896201
Winnie the Pooh,2.243246815,-0.654839457
Hearts in Atlantis,5.42664447,0.424210399
The Tigger Movie,4.078952717,2.510983541
Dark City,2.260071342,-2.991157607
The Last Emperor,-6.044718723,-0.441740249
Fled,2.228071647,4.649215002
The Fifth Estate,2.418844688,-1.304959387
Aladdin,-2.980000056,-1.689849021
Topsy-Turvy,1.582406121,-0.010469034
Apocalypse Now,-16.75475548,-4.331667023
The Number 23,4.610758569,-1.752098044
Crocodile Dundee in Los Angeles,1.366347821,4.800185542
Unforgiven,-16.37358404,-1.571758596
The Hurricane,1.217175504,-0.042159577
The Help,-5.710726733,-6.324554192
Beerfest,4.965999019,1.848648068
Howard the Duck,-0.805117385,4.184570956
Machete Kills,0.097050866,-1.181209598
How Stella Got Her Groove Back,2.456271885,4.125825012
Hocus Pocus,3.012150746,2.509138118
Formula 51,5.012030665,2.397153988
The Best Man Holiday,2.792763302,1.039195897
The Children of Huang Shi,3.325607205,0.994386272
Adaptation.,1.124977793,-2.931898937
Sea of Love,2.101715291,2.328334918
Milk,0.896102128,-4.503238336
Warrior,-3.848340015,-5.393050481
Shark Night 3D,-2.643180227,2.798938334
Hollywood Ending,-6.733310419,0.296458282
Confessions of a Teenage Drama Queen,-0.64160591,4.263205718
The Statement,3.998069718,2.902840406
Love & Other Drugs,3.496686751,-2.203481543
The Son of No One,0.421910282,3.840687748
Silent Hill: Revelation 3D,1.019465129,2.465552251
Take Me Home Tonight,4.780884423,0.984793164
Spotlight,-6.739533491,-6.814524532
Love Ranch,0.725776579,3.02757547
The Proposition,4.562605741,-1.136652342
A Madea Christmas,-0.277181978,4.522688339
Equilibrium,0.672938813,-2.037402996
The House Bunny,4.535525084,2.66314098
Troop Beverly Hills,0.800830261,4.533892159
He Got Game,1.302904988,1.181843231
Bad Lieutenant: Port of Call New Orleans,3.245132801,-2.749244548
Serenity,-2.746108793,-4.439797509
Something Borrowed,4.595298892,1.403264579
Austin Powers: International Man of Mystery,2.715360777,0.023701668
Rocky Balboa,-11.36693068,-2.622219501
Star Trek III: The Search for Spock,-9.289505029,0.34685041
The Game Plan,4.816953496,1.279784581
District 9,-8.304979339,-7.134213084
Dead Poets Society,-1.783837036,-1.433797466
The Rugrats Movie,2.638394355,3.350654879
Aloha,-9.973974305,0.220853905
Black Snake Moan,4.798019138,-1.270859839
The Devil's Double,4.306378913,-1.1300258
Paul Blart: Mall Cop 2,-0.969064732,4.11528101
Wayne's World,1.802162069,1.141020985
Flawless,2.531212788,1.78211475
My Life in Ruins,4.857115263,2.509023041
Get Shorty,3.984106613,1.161450014
Looper,-10.68395913,-7.785127706
The Untouchables,-0.558895919,-1.09158155
Everybody's Fine,4.591740176,-0.878509004
Doubt,1.678230375,-3.687832014
Hope Floats,4.21745779,3.255395719
The Rite,3.131821628,-2.469753883
Repo Men,4.908024743,-0.882556976
Steamboy,2.463209309,0.813551649
Virtuosity,2.764909458,4.254502486
3 Men and a Baby,-10.48960209,1.199127099
Chasing Liberty,4.67435468,2.973829312
Brick Mansions,4.034330593,0.574408949
The Transporter,3.945544885,-0.977133867
The Walk,0.304576763,-4.582729216
Bad Santa,4.544729401,-1.72961251
Mean Girls,3.29398624,-1.4743486
All About the Benjamins,3.506023005,4.106685659
How to Be Single,3.984550818,0.177216066
The Bounty,-0.69370714,1.93123104
Jane Got a Gun,3.214696276,1.969377673
Borat: Cultural Learnings of America for Make Benefit Glorious Nation of Kazakhstan,-2.35856253,-4.846632469
The Big Wedding,-0.878003955,1.435341087
The Family Stone,5.250069957,0.876161225
No Reservations,5.534149481,0.216390623
Killing Them Softly,-1.160101397,-4.664264942
Strange Wilderness,2.176100349,4.271599681
One Day,2.964623785,-2.486641425
Love Happens,4.386157786,2.850935357
Criminal,4.294364222,0.573645286
The Remains of the Day,0.065493047,0.30201166
She's Out of My League,5.278816084,-0.436800245
The Skulls,4.23841856,3.192845526
Land of the Dead,1.768805797,-1.350665069
Let Me In,-0.528218132,-5.083015549
Bandslam,4.621173828,2.031445013
Octopussy,0.787277074,1.282613258
Anacondas: The Hunt for the Blood Orchid,0.909917093,4.634214549
The Wraith,1.653211708,3.615758186
Sgt. Bilko,2.76772232,4.338864238
Mumford,4.006531251,1.79015862
Philadelphia,0.112284169,-0.269546351
Halloween II,0.537816408,1.365530727
Step Up Revolution,4.816688985,0.537360072
The Running Man,2.57913552,1.364671275
Death Sentence,5.240669134,-0.473660956
Kiss Kiss Bang Bang,2.908248064,-2.798751085
Chocolat,3.992494755,-1.743361541
Dudley Do-Right,-3.052252118,5.220310204
Evil Dead,-7.348689165,-6.437007675
Naked Gun 33 1/3: The Final Insult,2.55250473,2.816899619
Aloha,-9.973970728,0.220844452
The Exorcism of Emily Rose,4.0919961,-2.302717867
The Queen,2.598939985,-3.268593017
We Own the Night,4.272118741,-1.697570802
Frankenweenie,-11.89560822,-2.704140645
Wild,0.471733053,-4.769309017
The New World,2.487497379,-1.979506351
Kindergarten Cop,1.851456739,2.897510957
Freedom Writers,3.655085564,-0.281771137
Home Fries,1.478443211,4.932201146
Untraceable,5.337512648,-0.233316838
The Tempest,3.170691128,3.686403756
Swing Vote,5.11189705,1.444916224
P.S. I Love You,4.232342998,-1.022452817
The Ides of March,-2.897255889,-5.251832897
To Die For,4.212876388,2.203932529
Clash of the Titans,-1.026127331,-4.150854958
Heartbreakers,5.105531191,1.683968431
The Raven,3.297385656,-2.71496074
Alive,2.458538905,1.809992799
The Theory of Everything,-5.06641479,-6.260516553
Cop Land,3.720406105,0.170794059
Mr. Bean's Holiday,5.296432667,0.623836426
Nanny McPhee,5.459274475,0.76249424
Return to Never Land,3.311141477,3.399473528
Home Alone,-4.409469441,-1.489181947
The Next Best Thing,1.240811985,4.774769201
Summer Catch,1.643337873,4.813148434
Blade Runner,-6.025636078,-4.268793922
Snow Falling on Cedars,4.780921837,1.318931787
Superman IV: The Quest for Peace,-4.739547042,3.946049162
We're No Angels,1.703181969,3.868076502
Martian Child,5.214590826,0.823228336
Flash of Genius,4.546309266,0.663468996
I Can Do Bad All by Myself,-2.203781859,4.625010295
Suspect Zero,4.626910802,2.800758695
The Rage: Carrie 2,0.872407412,4.713385102
The Great Debaters,-17.58836322,-0.709155692
Flatliners,2.107265867,2.220365359
Poetic Justice,2.379166988,4.165199573
Fear and Loathing in Las Vegas,1.62154138,-2.080341273
Abandon,1.293352458,4.348201886
The Cabin in the Woods,-11.23998123,-7.659480241
The Devil Wears Prada,2.036470379,-2.773527078
Shanghai Surprise,-7.178939661,5.186541197
Say It Isn't So,1.855112018,4.696317496
Selena,3.657930674,2.316967097
My Best Friend's Girl,4.563610725,2.800327136
Mortal Kombat: Annihilation,-2.859429196,4.978241507
The Last Stand,0.184008933,-4.432468803
A Dangerous Method,0.651496017,-3.84718527
Private Benjamin,-0.598817929,3.183884315
Antitrust,5.241237599,2.105795466
The Counselor,-1.502174187,-2.512721816
Radio Days,-8.826358787,0.498626307
Ride Along,3.212126321,-0.13836912
The Ninth Gate,2.957446335,-0.994013857
The Island,0.327141022,-3.355678098
There's Something About Mary,0.981429836,-2.117880017
New York Stories,-7.982169117,1.288145322
An American Carol,-1.023883116,5.018622183
The Last House on the Left,4.396511938,-2.008660522
Love & Basketball,3.841155257,1.066803415
Cradle Will Rock,3.831644545,1.483476053
The Box,2.26567343,-1.981077494
Gettysburg,-11.07894679,0.211534112
Cop Out,4.64054901,-0.133284578
Elf,-4.521904554,-1.706857792
The Lizzie McGuire Movie,3.153732119,4.273251993
The Ladykillers,3.957884995,-0.461309751
Sense and Sensibility,0.427753023,0.001740482
Blast from the Past,5.303077343,1.660229869
Running Scared,4.119307394,-1.454324838
Bullets Over Broadway,-8.053434756,0.313518835
The Switch,5.241644309,0.058026002
No Good Deed,2.22174095,3.439717406
Driving Miss Daisy,0.758043642,0.863128191
Ordinary People,-2.070270245,0.657856711
The Gift,2.195082521,-3.89749964
Saw IV,4.984876985,-0.175165479
The Collection,4.248337593,0.900557717
Civil Brand,1.671096481,4.836300246
Road House,3.275123239,2.302809686
Incendies,-0.037076644,-3.523785731
The Sea Inside,1.819431279,-1.982489175
Cruel Intentions,3.624548634,0.286804434
Tales from the Crypt: Demon Knight,4.21472458,2.512481481
Bottle Shock,4.856432919,0.843203706
Elite Squad,1.938108227,-1.862528563
The Fighter,-3.144588819,-6.210438036
Bride & Prejudice,5.17320873,1.639771143
Fascination,-4.953342908,5.320886647
Drive Me Crazy,3.700382044,4.006284635
Pulp Fiction,-30.00884384,-6.525360094
The Way Way Back,2.289080097,-3.731518136
Murderball,2.371936573,-0.246276794
Finishing the Game: The Search for a New Bruce Lee,3.289481918,3.275319831
Frozen River,4.458011493,-0.955242751
Happiness,-0.490627076,-1.169644496
No Escape,4.142840133,-1.793619764
An Education,2.747698046,-3.392470474
Thumbsucker,5.192970039,1.437566751
Desert Blue,3.413814401,3.728920736
The Widow of Saint-Pierre,3.653309556,1.311895034
Lucky Break,4.22118517,3.292940139
Act of Valor,4.387389321,-1.900087907
El Mariachi,2.14060969,2.227284288
Super,3.962394384,-2.121808784
Some Like It Hot,-8.469902228,-0.651302711
Snow White and the Seven Dwarfs,-15.70466565,1.104536825
What's Eating Gilbert Grape,-1.674632101,-0.526883772
Vera Drake,3.31834721,-1.632352356
Sweet Sweetback's Baadasssss Song,-3.591470676,3.476551448
The Barbarian Invasions,3.605656026,-0.851511461
Clean,4.845685894,1.570538008
Trade,2.978401367,0.398587628
8 Women,5.184421226,0.24929459
This Is England,3.515715687,-1.887021967
Stir of Echoes,4.951899166,-0.351390672
Porky's,-0.059439119,2.377483817
God's Not Dead 2,-6.845894702,4.231642959
Child's Play,2.759477877,1.336560551
Benji,-2.905371912,3.320909443
Dr. No,-5.964924329,0.079749817
Party Monster,4.320841738,3.180325293
Stake Land,4.69087583,-0.943562739
The Night Listener,3.51890822,2.128955316
Simply Irresistible,2.396183889,4.625974092
Lady Vengeance,-3.337638826,-1.588135775
Igby Goes Down,5.248826808,0.314393307
Safe Men,3.353823532,3.845099184
Jackie Brown,-15.44938699,-1.141394107
The Real Cancun,-6.966253252,5.213043229
Harvard Man,1.009588883,4.987207764
Shame,-4.156516112,-5.976510428
Digimon: The Movie,2.99187064,4.041210141
Saved!,4.369149218,0.640684975
The Call,2.790977248,-3.348519383
Aloft,1.632601033,4.066311532
Paranormal Activity,-2.935684423,-4.752072412
Lovely & Amazing,4.341148775,1.97712108
Top Five,1.488431799,-0.059476205
The Legend of God's Gun,-2.636186504,5.282557882
Peaceful Warrior,3.25613776,1.046445996
Run Lola Run,1.251545945,-1.8968714
Winter's Bone,0.153576316,-4.568430122
10 Cloverfield Lane,-1.964032879,-5.773060089
On the Waterfront,-9.738162395,0.698368593
Unfriended,1.847427833,-1.798607013
Enough Said,3.603118559,-2.318083943
Animal House,-2.782982136,0.084332966
The Godfather: Part II,-15.45168611,-3.625166144
The Beyond,-0.17356806,0.202829303
Clerks,0.876190451,-1.038969582
Get on the Bus,0.044849961,2.03534562
Owning Mahowny,4.35405981,1.053510858
Critical Care,3.315105234,4.007917625
Over the Hill to the Poorhouse,-21.87100787,3.479957118
The Prophecy,4.1266067,2.627127534
Transamerica,4.538627837,-1.092017326
Flashdance,0.316592953,2.877393658
The Brothers,4.286569069,3.000322127
Full Frontal,1.236574559,4.480543274
The Muppet Christmas Carol,1.061474674,0.725927277
The Wood,3.35415127,2.578255431
Easy A,2.220106911,-3.49048377
The Robe,-9.152717913,2.358909221
Set It Off,2.821948803,2.329475878
Invaders from Mars,0.87401688,4.104970599
Inescapable,1.214864074,4.41601763
Half Nelson,4.109128263,-1.621734684
The Visual Bible: The Gospel of John,1.057646342,0.939124487
The Alamo,4.19084786,1.780105528
Police Academy: Mission to Moscow,-5.398252018,5.299017636
Hard Candy,3.526224826,-2.490233322
In the Bedroom,3.100554662,-1.888332065
Repo! The Genetic Opera,3.449912978,-0.311753434
Veer-Zaara,-3.360097611,-0.113427501
Mad Max 2: The Road Warrior,-0.943284905,-0.554557687
Half Baked,3.544272373,2.607629802
Warlock: The Armageddon,1.325453117,4.766231309
Friday the 13th: A New Beginning,-0.889420425,3.182586037
Lights Out,3.31223832,-0.683700116
Brigham City,2.202279695,1.968157789
Monty Python and the Holy Grail,-5.390145896,-1.204891539
Beginners,2.934170891,-2.831306976
Bernie,4.208979152,-1.943453064
A Better Life,3.898932567,0.451158905
The Best Exotic Marigold Hotel,1.838542093,-3.59100142
The Good Heart,4.100818605,1.669773902
Welcome to Collinwood,4.446165053,2.653672634
A Nightmare on Elm Street 4: The Dream Master,2.305025654,3.126557206
The Tourist,0.110634902,-3.56376664
House Party 2,0.379382533,4.912463979
Teenage Mutant Ninja Turtles,-2.670440495,-4.314011307
Crash,-3.559595557,-4.844616261
April Fool's Day,1.96671308,2.795435767
Room,-5.16569765,-6.249085277
Bright Star,4.085888097,-1.753006523
In the Cut,3.395071095,3.025977756
Phone Booth,2.861860311,-2.195646613
The Wizard of Oz,-15.14261747,0.32771067
The Divide,3.974377685,0.56781291
Bachelorette,2.172904347,2.860679785
The Neon Demon,2.667751331,-2.634599519
Bran Nue Dae,1.905195652,2.855914465
Before Sunset,1.172096969,-2.833587459
D.E.B.S.,2.511237815,4.492532921
House of D,3.060372431,1.662527573
Tales from the Hood,3.21064316,3.956377698
Syriana,0.516942505,-4.418555711
Little Miss Sunshine,-0.580366888,-4.608503394
American Ninja 2: The Confrontation,-1.051352162,4.825465606
The Trials of Darryl Hunt,0.703446732,1.204671922
Dogma,0.056420573,-2.428510754
The Great Beauty,-1.486854198,-3.692635336
A Walk on the Moon,4.379126267,2.693746957
Office Space,1.663592074,-1.679568324
Mirrormask,5.178989276,0.820562017
Prison,1.868893971,3.631226828
Inside Deep Throat,4.851247612,1.055719152
54,3.580549671,3.362267129
Spider-Man 3,-11.74997144,-6.071425118
The Perfect Host,4.759878075,0.892490671
The Secret of Kells,1.971381532,-0.459008727
End of the Spear,4.094411487,1.731304532
The Innkeepers,1.219858369,-1.387375634
Special,3.570613585,1.921711588
Halloween,-4.705271828,-3.244757299
Of Gods and Men,3.920556095,-1.530923421
The Ghastly Love of Johnny X,3.757617041,3.071704332
Friday After Next,3.105617799,4.016581076
Deadfall,4.361285359,0.248179301
Maria Full of Grace,4.224696053,-0.88195284
Le Havre,3.682347718,-1.513652678
Shine,2.031167726,0.522658178
High Heels and Low Lifes,3.84404506,3.518879033
Bend It Like Beckham,5.336229104,-0.273142024
Do the Right Thing,0.252053332,-0.252991959
The Boondock Saints II: All Saints Day,3.920508301,1.212565316
Nebraska,-3.022707388,-5.852643077
College,0.100744832,4.929235224
The Oxford Murders,4.298456836,2.735723719
Beyond the Mat,2.483256,0.789202334
Frida,4.553126968,-0.700123524
Hedwig and the Angry Inch,2.582130596,-0.297813732
Doug's 1st Movie,0.651049973,4.887830277
Brothers,3.329698739,-2.137115308
The Diary of a Teenage Girl,4.035162142,-0.73193465
Baggage Claim,-0.774587986,3.725345973
Opal Dream,3.200261039,2.869017883
Gremlins,-0.230915821,-1.057015298
It Follows,-6.273305988,-6.361645458
The Astronaut Farmer,5.169926058,1.681278887
The Gallows,-1.881472633,3.626502939
Head Over Heels,2.340433005,4.20811156
The Station Agent,3.121874258,-1.17149441
Chuck & Buck,4.537953127,2.606187938
Poltergeist III,-0.969286489,4.645176808
Mother and Child,3.083149657,-0.729990035
Pink Flamingos,-2.483339193,2.589565198
Imagine Me & You,4.617530309,1.445150333
The Last Temptation of Christ,-17.40251052,-0.496522698
Go,4.517386958,-0.371276915
The Last Sin Eater,2.980135583,3.613170402
The Last Days on Mars,3.231738557,2.86852501
The Circle,2.485517757,1.084731343
The Holy Girl,4.838293525,1.983564578
Devil's Due,-2.177752837,4.070453266
Compliance,2.651261959,-2.419578693
Halloween III: Season of the Witch,-1.84914969,2.903615984
Sorority Boys,2.941230992,4.423398636
Children of Heaven,-1.609843387,0.118613002
Jason Goes to Hell: The Final Friday,-0.800150629,4.376763229
Redacted,4.928518233,1.738345811
Everything Must Go,5.189562308,0.462142485
Straight Out of Brooklyn,1.296251775,4.265399438
Tomcats,3.075081644,4.331130412
The Brothers Solomon,2.482123304,4.49078664
My Week with Marilyn,-0.121843415,-4.681434962
Annabelle,0.446470436,-1.996539753
Spun,5.201339075,1.465626061
The Best Man,2.733188782,2.285698813
Hustle & Flow,4.643446509,-1.08340642
The Omega Code,-3.877216863,5.174181557
The Mighty Macs,3.820887189,2.675564063
Ira & Abby,3.858785074,2.892746973
Memento,-30.20399472,-3.899737622
East Is East,4.681968117,1.794233569
Buffalo '66,3.675655719,0.008951731
Desert Dancer,2.578485127,3.160632266
Only God Forgives,-3.367897342,-4.09928868
Control,3.364356402,-2.138483375
RoboCop,-5.180968575,-6.10069723
Ouija,-1.193056862,2.896496271
Letters from Iwo Jima,-15.51242739,-1.951522226
The Corruptor,4.767152304,2.929939621
Wild Target,3.901740535,1.351694221
Chairman of the Board,-9.139680506,5.387786065
Swimfan,2.000604714,4.426873547
The Golden Child,0.879620127,3.627566617
The Lucky Ones,3.967483892,1.402861886
3 Strikes,-2.385640725,5.384324075
Waltz with Bashir,1.522843577,-2.816230706
Beyond the Valley of the Dolls,-3.699421999,2.011881004
Return to the Blue Lagoon,0.494999748,4.869474296
Deterrence,3.932598057,3.22276338
The History Boys,5.201213983,0.730713822
Session 9,5.054409057,1.122650062
Aimee & Jaguar,3.116303965,1.192972034
The Last Time I Committed Suicide,2.509853883,4.373135474
Imaginary Heroes,4.004415534,0.99022903
Letters to God,3.232587508,2.92995274
Loaded Weapon 1,2.432873866,3.911368076
Down to You,1.664157743,4.828446428
The Sticky Fingers of Time,2.277530959,3.854572345
Sherrybaby,4.873441464,2.094801492
Soul Kitchen,3.994357419,0.042686473
In the Company of Men,3.54412429,1.15946711
Get Over It,3.81377952,3.627986677
We Need to Talk About Kevin,-1.220560137,-5.232360433
Poultrygeist: Night of the Chicken Dead,4.844233422,2.487021606
I Spit on Your Grave,4.559891042,-1.361847804
The Broken Hearts Club: A Romantic Comedy,4.096737556,2.064441612
Trust the Man,4.383831058,3.278435036
Chain Letter,-1.673569919,4.982113461
Across the Universe,3.616714571,-1.832074539
Begin Again,1.517375408,-3.852245602
We Are Your Friends,4.216582235,0.561385225
Attack the Block,-1.400776718,-4.175206219
The Karate Kid,0.028968081,0.643862301
Romeo Is Bleeding,3.131365153,3.258449601
Donkey Punch,2.762080132,3.915386903
Another Earth,3.571941326,-2.451404318
Better Luck Tomorrow,3.76948034,1.582059786
Logan's Run,-1.000218184,1.324801322
Pet Sematary,3.262447517,1.77746421
The Orphanage,1.876361252,-3.842719094
Smoke Signals,3.210738017,1.704907037
The Secret in Their Eyes,0.248596193,-4.227536705
The Fog,-0.108040672,-0.060340884
Detention of the Dead,-1.242219328,4.664622008
The House of the Devil,4.256470727,-1.326981118
Dead Snow,4.197572074,-1.25469818
Last Orders,3.661697911,1.674617183
The Purge: Anarchy,2.885180282,-3.359657704
Saw II,2.516319298,-2.824925826
La Bamba,0.919570251,2.714862661
A Hard Day's Night,-6.008772463,1.058922871
House of Flying Daggers,2.632582227,-3.039509765
Exodus: Gods and Kings,-0.615311248,-3.97606216
Bring It On,5.0360276,1.726681089
Lucky Number Slevin,1.593926023,-3.168927633
Alice in Wonderland,-21.93551817,-5.06105193
King Kong,-14.06851331,-6.653363744
2046,3.514624673,-1.869499084
Cube,2.473050643,-0.059708574
The Gambler,4.799100771,-0.079136123
Insidious: Chapter 3,3.336528498,-2.254477383
Project X,3.630274002,-2.494089199
Skyline,-1.886992712,1.531256837
The Lady from Shanghai,-11.60917891,1.895618572
To Save a Life,2.670784613,1.569848591
Shutter,2.923743049,3.649903073
Employee of the Month,4.139808418,3.669705639
Boyz n the Hood,0.563289066,0.364645838
Quinceañera,4.021308309,1.415644982
Oscar and Lucinda,2.801250227,2.520920205
Open Water,1.661415045,-0.417545459
Captive,1.241542368,4.088226095
The Best Years of Our Lives,-13.67842379,1.277469138
10 Things I Hate About You,1.889826495,-0.832761472
All or Nothing,2.758405442,0.303357169
The Brass Teapot,4.108016137,2.219539132
R100,3.714529696,2.579807935
Anomalisa,0.571451436,-3.868368442
A Nightmare on Elm Street 2: Freddy's Revenge,0.777585328,2.856982958
Roger & Me,0.214145392,1.594739961
Made,2.521057254,1.803262785
Fido,5.129968601,0.554327625
A Fistful of Dollars,-6.359911953,0.372111657
Character,0.973688526,0.695861475
Tristram Shandy: A Cock and Bull Story,5.125543719,0.951474633
Quartet,4.391612882,-0.670045767
The Masked Saint,-1.064056148,4.522561619
An Alan Smithee Film: Burn Hollywood Burn,-4.253999429,5.348782971
Come Early Morning,3.80561459,3.254236932
Survival of the Dead,-0.347961247,0.874393251
Stoker,-3.476658732,-5.364896073
Cadillac Records,4.524987126,1.105432659
Saw V,5.126891669,0.891810582
Requiem for a Dream,-7.709070962,-4.614762529
Birthday Girl,4.999322333,2.505210143
Jab Tak Hai Jaan,-0.500126171,0.270558663
The Slaughter Rule,3.168814506,3.497200731
Interview with the Assassin,3.599760883,2.987632113
The Spectacular Now,3.800558927,-2.28574599
Sliding Doors,5.003421495,1.706409775
The Banger Sisters,4.289570489,3.599723582
Bucky Larson: Born to Be a Star,-4.786803819,5.046369392
Warlock,2.142564986,3.756664484
Fireproof,4.188067688,1.918445882
Sorority Row,2.263127427,3.177455624
Two Evil Eyes,2.767202087,3.054494423
Napoleon Dynamite,0.326854278,-2.419965393
The Perez Family,2.946455529,3.831002913
Gossip,3.421019592,3.503000719
It's Kind of a Funny Story,4.254908454,-1.188421309
Made in Dagenham,3.313277939,-0.732840842
Paa,1.498912644,1.359379606
Modern Times,-16.61095648,1.487263855
Rabbit-Proof Fence,3.365310602,0.655552572
House of 1000 Corpses,3.204564396,-0.388682639
Frailty,4.546556602,-0.946031361
Black Christmas,-0.068323112,3.382126299
200 Cigarettes,3.69851469,3.409711957
Woman in Gold,3.026523284,-2.448058895
Murder by Numbers,5.066241182,1.3494385
The Mighty Ducks,0.900002854,2.76442035
American Pie,0.939517971,-1.358202299
Hostel,-1.310283399,-2.652607936
Caravans,-2.040292868,2.891526525
New Nightmare,4.674525913,2.062506269
The Heart of Me,3.977362126,2.742370195
Madea's Family Reunion,1.501390226,4.353254822
She's Gotta Have It,0.743346185,3.367865007
Take Shelter,0.107853184,-4.604922692
Broken Vessels,3.087936195,3.330939669
Shooting Fish,3.883375496,3.000613607
Celebrity,-6.818856494,0.594370174
The Way of the Gun,4.75407679,1.057506315
The Upside of Anger,5.329144808,0.330222238
Yentl,-0.432979884,2.710716402
Stealing Harvard,1.972698881,4.757581611
True Romance,-10.02376769,-1.097156481
Stripes,-0.647442745,1.619423364
City of Life and Death,2.510524768,-1.335041099
May,5.208351675,1.334734039
Burn,0.853639637,1.167942643
Tea with Mussolini,3.238565799,1.691372247
Gracie,4.498506235,2.893502502
Our Idiot Brother,4.920403566,-0.402017352
Aqua Teen Hunger Force Colon Movie Film for Theaters,4.306327309,1.451214197
The Virginity Hit,-0.278425996,4.874284959
The Sessions,0.892876885,-3.90999053
Teen Wolf Too,-6.131080299,5.147550654
My Dog Skip,4.392651919,1.491615883
Bad Words,4.451952764,0.425614191
Raising Victor Vargas,3.628238725,1.556266689
Blue Like Jazz,3.212592673,3.10652976
What Happens in Vegas,5.009639475,0.399044175
The Dangerous Lives of Altar Boys,4.182716174,1.354885903
The Terminator,-5.13473808,-2.94554505
Albino Alligator,-17.56998839,0.827801203
Atlas Shrugged II: The Strike,1.966305062,3.87271983
I Love You Phillip Morris,4.244302909,-1.880414116
Weekend,2.80516651,-1.06994052
An Everlasting Piece,3.686090176,3.394332169
Dear Wendy,5.07493094,1.768996729
10th & Wolf,3.247778441,2.909834775
The Godfather,-22.20338783,-5.78421368
Next Friday,4.412340385,3.212009893
The Exorcist,-7.617150073,-3.926782137
Major Dundee,-5.819814605,1.909358095
Spider,5.165049349,0.299442291
Mercy Streets,2.636160159,4.486317553
When the Cat's Away,1.284270679,2.40073634
The Color of Money,-16.54071112,0.253256493
The Wackness,4.982401411,-0.052526354
You Kill Me,5.116742697,1.394747587
The 5th Quarter,2.244809639,4.121106276
Nightcrawler,-8.017593677,-7.327569361
Safety Not Guaranteed,2.409073103,-3.171358498
Savage Grace,4.881027559,2.469881576
The Basket,3.574084034,3.449695944
Living Out Loud,3.86201473,3.166256808
Glengarry Glen Ross,0.837622081,-0.410291323
Eulogy,2.385940265,2.536322689
Home,1.512333107,-1.552854095
Futuro Beach,3.627612899,2.512614272
The Wrestler,-2.009979758,-5.568157318
The Last Dragon,1.054787718,2.204609439
Light Sleeper,2.078363784,3.058034776
Hardflip,-10.71128597,1.83948239
Iris,4.564513076,1.08964325
Dick,2.324531484,2.252642501
The Matador,5.041383176,-0.633203156
Antarctica: A Year on Ice,0.909096857,0.8614074
Army of Darkness,1.198049813,-2.06036314
For Greater Glory: The True Story of Cristiada,2.221456979,1.450162193
Skin Trade,2.173820427,3.331598204
Religulous,3.101036578,-2.428468201
Arbitrage,3.04679341,-2.77645995
Trucker,1.201207868,1.685959114
Bubble Boy,3.005759665,4.066227029
Oldboy,-2.943638046,-5.111178289
The Brothers McMullen,3.53155455,3.177120602
Shade,1.839387777,2.803501613
The Missing Person,4.212617564,2.812069901
Bats,-3.089920226,4.875315064
Northfork,4.716670456,2.68485905
The Lazarus Effect,1.270632637,2.78610092
Killer Joe,0.231945415,-4.200701034
Mo' Better Blues,1.612790423,3.01444524
Madadayo,0.154317127,1.500863555
The Lunchbox,2.418193886,-2.481255903
Love Stinks,3.475628141,4.046655894
Saw VI,5.208045783,0.918964462
Phantasm II,2.692221749,2.700014773
Showdown in Little Tokyo,2.134318382,3.852772381
House at the End of the Street,3.239295818,-0.603922316
Diner,-1.066786864,1.864621137
Lost in Translation,-4.211360856,-4.198326506
The Battle of Shaker Heights,3.160159142,3.727577905
Copying Beethoven,4.796964645,1.64684316
Boynton Beach Club,2.026872007,2.506798598
Extract,2.617352051,-0.046562297
42nd Street,-16.58913538,2.392473608
The East,3.929788439,-1.57657292
The Extra Man,4.245023233,2.5118159
I Want Your Money,0.577387139,4.696408303
Stolen Summer,3.93879224,3.165818339
Kit Kittredge: An American Girl,4.776058483,1.827716043
Undiscovered,-1.325209766,5.152147785
Kinsey,4.723216632,-1.172906773
The Secret Life of Bees,3.728721534,0.027855605
5 Days of War,0.864643502,2.880728074
Mercury Rising,4.818694438,2.793487557
Time Bandits,0.460520577,0.795455158
The Guard,2.816590969,-3.024299671
Eve's Bayou,2.692451762,1.715349186
Diamonds Are Forever,-2.43936219,1.145283677
Persepolis,1.455643049,-3.115874465
Blue Valentine,-0.579658185,-5.031149904
The Outsiders,0.064910624,1.36170285
Major League,1.638023986,1.588678734
MacGruber,3.881473687,2.151270492
Wonderland,5.161300949,1.891635138
Winter in Wartime,4.705101508,0.49021727
Welcome to the Dollhouse,2.267354498,0.99690598
Diary of the Dead,2.309926905,-1.301440741
Monster's Ball,4.979610179,-0.734745272
Silent House,1.592111769,1.224879189
Halloween 4: The Return of Michael Myers,2.320246945,2.232356938
Soul Survivors,-2.346172155,5.082439551
The Lovely Bones,1.889399545,-3.897051285
The Canyons,-2.479328718,3.824849803
The DUFF,3.991494882,0.131419465
The Fault in Our Stars,-3.926482719,-5.593724248
Green Room,1.161838911,-3.815183229
Crossroads,-4.241692404,4.384245129
The Ten,1.625698876,4.552219041
The Last Exorcism,1.036979549,-2.032275877
Dressed to Kill,-0.033402769,0.995482678
Bound,3.841877075,0.088965716
Friday,1.9776841,1.70209368
90 Minutes in Heaven,-1.225416954,4.374632471
Goosebumps,3.124224193,-2.005894978
Winter Passing,3.846823955,2.673397608
Boiler Room,5.006280148,0.16119421
Code 46,5.154696372,1.684853044
One Direction: This Is Us,-3.732188587,3.695456382
Mad Max Beyond Thunderdome,2.076937374,1.992310501
Wish I Was Here,4.283646242,-0.140572938
Limbo,3.189329872,1.612207743
The Full Monty,4.158420666,0.308042621
Defendor,4.52019579,1.45100829
Sphinx,-1.86041718,4.308345476
Donnie Darko,-8.413406588,-5.239306926
The Wash,0.069932457,5.220876894
Oz the Great and Powerful,-14.63120824,-6.735445611
Lone Star,1.54143651,0.492189132
Whale Rider,4.062649461,-1.059376404
Two Can Play That Game,3.949251371,3.63890836
Shaun of the Dead,-1.743148954,-3.842006806
Clear and Present Danger,1.132646101,1.104139253
Meet the Parents,1.536874781,-1.681107429
Battleship,-1.751316911,-4.75990432
The Lake House,4.858764717,-1.087497267
Legend of the Guardians: The Owls of Ga'Hoole,4.699129453,-1.50786264
A Time to Kill,0.362748925,-0.189485514
Miss Congeniality 2: Armed and Fabulous,2.45326392,3.82830403
Yes Man,3.018471864,-2.027902217
Julie & Julia,3.303131346,-3.041281761
Jumper,2.818850783,-2.159307365
X-Men 2,-3.887615009,-4.800525638
Domestic Disturbance,3.915056241,3.670290213
The Matrix Reloaded,-11.88558558,-5.381029587
Be Cool,4.55360827,0.964123722
Jack the Giant Slayer,1.420483811,-4.051742871
Rise of the Guardians,2.188890076,-3.47541713
The Love Guru,-2.839721922,3.87785126
Teenage Mutant Ninja Turtles,-2.670431818,-4.314002607
The Insider,0.335616485,-2.900857198
Over the Hedge,2.596776518,-1.112306637
Snake Eyes,4.889155539,2.404089837
Sherlock Holmes: A Game of Shadows,-3.688939967,-6.043966286
John Carter,-3.544382442,-6.042788018
The Tuxedo,3.403885883,4.036973916
Ninja Assassin,4.591211355,-1.52064576
Hercules,3.491663787,-2.509136384
Nixon,-3.599024772,-0.004223433
Ronin,3.850857783,-1.388790459
The Last Samurai,-0.92575863,-3.447396631
Noah,-9.281763279,-5.467273671
Victor Frankenstein,4.460938834,0.324914032
Scary Movie 4,0.419283493,2.138106188
Austin Powers in Goldmember,0.193618251,-1.526949631
The Living Daylights,2.110439378,1.194435819
Star Wars: Episode I - The Phantom Menace,-21.98460022,-6.475643159
Interstellar,-52.16186666,4.161788813
The Day After Tomorrow,-1.39026453,-3.466970288
Black Hawk Down,-1.227918109,-3.575571925
WALL·E,-10.66935096,-7.120055777
Escape from Planet Earth,3.622377164,2.564757562
Star Trek: Nemesis,3.966582688,-0.538362777
Cheaper by the Dozen 2,1.834707635,3.197667503
Big Fish,-12.13419548,-2.830969678
At First Sight,3.738907689,3.283306947
Along Came Polly,4.445572795,1.960617133
The Medallion,3.30153868,4.077857434
Lost in Space,1.847216434,3.154608858
Gigli,-7.923792557,4.249282098
Escape Plan,2.394667374,-3.705174234
Batman Returns,-11.07826224,-1.24348924
8 Mile,3.424322654,-0.877473819
Total Recall,0.545561657,-2.193604627
Waterworld,-0.05416722,0.746767284
Poseidon,0.805728261,-0.781290182
Ocean's Thirteen,-7.183304862,-2.815442068
The Doors,1.739245411,0.723231966
Raising Helen,4.958680483,2.454179973
300: Rise of an Empire,-1.996397457,-4.96787925
Sin City,-9.089844114,-6.413523375
Dune,-1.51360327,-0.093148419
Hairspray,1.514536405,-1.814895184
Assassins,2.097816761,1.947932115
Happy Feet 2,3.007570961,0.523237126
Righteous Kill,4.055090703,-0.357769563
The Mirror Has Two Faces,3.34624239,2.884438382
Shrek 2,-8.636719243,-3.432594218
Back to the Future Part II,-1.033909636,-1.495947167
Batman Begins,-38.31821627,-4.561432669
Gulliver's Travels,0.847437233,2.900667473
Feardotcom,-4.076969263,4.635932526
The Producers,3.964766719,-0.255266506
American Sniper,-23.72872036,-5.510642516
The Dictator,0.58326,-4.008965404
Pearl Harbor,-6.651185778,-2.671522115
The Infiltrator,2.199111385,0.141089818
Wanted,-0.115719545,-4.441332074
Baby's Day Out,2.922065322,4.187149848
The Island of Dr. Moreau,-0.145105365,4.857352719
Jarhead,2.823249305,-3.389529866
The SpongeBob Movie: Sponge Out of Water,1.75045511,-0.092873397
The Lego Movie,-7.449433688,-6.632970966
Star Wars: Episode II - Attack of the Clones,-17.44053853,-5.844153865
Moneyball,-10.65921118,-5.665426139
Nomad: The Warrior,3.637128548,3.521236171
Into the Storm,3.337286446,-1.243339923
The Social Network,-27.98915496,-4.957499639
A Bug's Life,1.393449484,-0.904388165
Elysium,-5.508212707,-6.572209575
Mr. Deeds,3.012148962,1.397690804
Shall We Dance,5.401152779,1.87134539
The Chronicles of Narnia: Prince Caspian,0.930707052,-3.05440702
Kate & Leopold,5.316876367,0.886000416
A Thousand Words,1.690026755,2.647310599
Resident Evil: Apocalypse,4.597961398,-0.790679501
Ali,2.109605267,-1.154785478
The Twilight Saga: New Moon,-14.06252777,-3.242935738
Moulin Rouge!,-5.292671415,-3.41968604
Thor: The Dark World,-15.12963363,-6.999987296
Back to the Future Part III,0.549461851,-0.606768317
Need for Speed,1.131691509,-4.271992771
The Wolfman,0.430592066,-3.590824776
X-Men Origins: Wolverine,-2.759946336,-4.97229035
Angels & Demons,0.274219353,-3.96667251
Doom,1.250837798,-0.272533938
Lilo & Stitch,2.436921937,-1.625706088
Rio,2.194787312,-3.140620225
Duplicity,4.669092303,-0.950219201
Alien 3,-22.34415329,-1.379581733
The Muppets,-0.919800531,-5.058808881
Clash of the Titans,-1.026088467,-4.150841469
Marley & Me,3.198623108,-2.153294312
Spy Kids 3-D: Game Over,-1.920207138,4.003693423
Monster House,4.893343594,-0.774073969
Amélie,-5.143907877,-4.681395379
American Gangster,-3.141153597,-4.683851693
Transcendence,-0.449169271,-4.465904087
42,2.177690345,-3.174523624
Failure to Launch,-6.505246066,0.096807477
Johnny English Reborn,5.100709468,0.220152802
How Do You Know,2.674621995,1.862185959
The Invasion,4.538578061,-0.641893979
Dracula Untold,2.707124827,-3.038452204
The Family Man,5.055611854,0.163207441
The Lion King,-12.96260497,-4.740538475
The Reaping,4.862278695,0.720514555
Secret Window,4.409442078,-1.230653795
Thor,-16.22280952,-7.375833271
Man on the Moon,4.075981276,-1.175452089
The Princess Diaries 2: Royal Engagement,3.841605638,2.781929468
Shadow Conspiracy,0.849140461,5.023888429
Morning Glory,4.891084905,-1.16989955
Hellboy,2.816150467,-2.926580826
Pirates of the Caribbean: Dead Man's Chest,-13.31028408,-6.271873668
Alex Rider: Operation Stormbreaker,2.126173439,4.482002139
Les Misérables,-16.64245912,-7.355588626
xXx: State of the Union,-0.21034055,4.786046495
Minority Report,-14.65259155,-3.218065357
Zookeeper,2.145137128,1.78821919
Invictus,-15.51637234,-2.381737905
Anna and the King,3.348822747,0.984806564
Muppets Most Wanted,2.716256688,-2.704182551
The Adventures of Rocky & Bullwinkle,-1.44700843,5.021306238
Shanghai Noon,5.451608968,0.29795931
Unstoppable,-9.45787395,-2.785886538
Bruce Almighty,-1.070918831,-2.426315088
The Pacifier,3.24540625,2.214963672
The Scarlet Letter,0.536322301,3.958419634
Immortals,2.569552377,-3.346879868
Cirque du Freak: The Vampire's Assistant,5.075158612,1.087449561
Argo,-14.16631376,-8.451877988
Impostor,4.688557909,2.673460206
Scooby-Doo,-0.017648952,2.415288926
Sleepers,0.597117249,-0.222100713
Driven,0.495704996,4.110469956
Eight Below,4.199347812,-0.724172487
Unbroken,-9.130308181,-3.608749845
300,-12.02495421,-7.309039462
The Gunman,3.147453892,-0.815652446
Man of the House,2.705847093,4.075499883
Land of the Lost,4.393323019,1.889567839
The Bourne Legacy,-2.932321708,-5.98682207
The Legend of Hercules,-1.423959481,3.507683142
Entrapment,5.065367446,0.939137608
Jade,1.694759534,4.601429078
Hereafter,-15.04166745,-1.928667114
The Alamo,4.19084786,1.780105528
The Amazing Spider-Man 2,-7.925989516,-6.964140564
The X Files,4.668558331,-0.507178194
The Smurfs 2,2.739270444,2.68510986
Rush Hour 2,0.349016924,-0.619851221
The Terminal,-12.04848022,-1.514572122
Megamind,-3.943176274,-2.848112065
Your Highness,-6.829520679,-0.763347514
Pandorum,4.512066238,-1.931557962
Æon Flux,3.800921966,0.946093994
The Green Mile,-10.95127846,-5.076058261
The Flintstones in Viva Rock Vegas,-3.268957444,5.115671077
The Avengers,-44.07387844,-0.463875543
Crimson Tide,-9.176257842,-0.304516942
Hollywood Homicide,3.876307413,3.127581845
All the Pretty Horses,-3.901773339,0.896862928
Bullet to the Head,1.493679885,-1.502878273
Death to Smoochy,4.439374376,1.49906962
Supernova,1.426184344,4.436852123
Talladega Nights: The Ballad of Ricky Bobby,2.746355932,-1.247712088
Ice Age,-0.103754657,-3.094756867
Bridget Jones: The Edge of Reason,5.466007482,1.51285541
Striptease,-0.718255354,4.817893899
Maleficent,-6.358244691,-5.977152839
He's Just Not That Into You,2.839428939,-0.65216986
The Twilight Saga: Breaking Dawn - Part 2,-13.27037862,-4.15403226
Mulan,2.086263918,-1.237715685
Night at the Museum: Secret of the Tomb,1.710032832,-0.300075833
Bangkok Dangerous,4.12971346,3.276917038
Alexander,-5.114183454,-1.799348074
The Juror,2.516103844,3.993113461
Jurassic Park,-19.54358761,-4.509681902
The Hunger Games: Mockingjay - Part 1,-17.57006588,-6.582984239
Predators,0.968772425,-4.405599077
The Prince of Egypt,4.279099078,0.00800255
The Incredibles,-5.580447518,-5.067071382
Scream 4,-1.357309236,-4.934035353
Live Free or Die Hard,-1.613175411,-5.331229217
Captain Corelli's Mandolin,4.246362818,2.360153835
Elizabethtown,4.496718941,-0.742616899
Rush Hour 3,3.561744754,-0.259252059
Disturbia,3.381879424,-3.055681984
The Tale of Despereaux,5.058376491,1.773747216
Seventh Son,2.828121116,0.848983309
Evita,3.782122457,2.120306732
Little Fockers,-0.596451874,0.502664657
Eat Pray Love,2.313038952,-1.175669174
Sinbad: Legend of the Seven Seas,4.753105404,1.605301028
Avengers: Age of Ultron,-33.75730343,-5.219395634
Tomorrowland,-2.902047604,-5.821299887
Firewall,1.705504736,0.351050177
The Taking of Pelham 1 2 3,-8.666999094,-1.877957941
2012,-3.985172886,-4.468523627
K-PAX,3.2126501,-1.453452644
Hugo,-24.87036254,-5.609530141
Jack and Jill,-4.33539208,3.595174942
The Great Raid,4.402772365,1.289656141
Collateral Damage,4.649455721,2.601200422
The Story of Us,4.705734035,3.061797206
Winter's Tale,4.216035201,-0.723578286
Alvin and the Chipmunks,-0.713011046,1.539618746
Jack Reacher,-1.238166597,-5.618036401
Green Lantern,-3.328152976,-4.950610299
The Hunchback of Notre Dame,3.370680572,1.074348865
As Good as It Gets,0.193781127,-2.426303555
Unbroken,-9.13030813,-3.608749992
Volcano,3.397326727,3.841701462
Just Go with It,3.920914436,-2.048239644
Days of Thunder,-9.051009005,1.119823186
Dreamcatcher,2.745376727,0.505371828
The Avengers,-44.04198925,-1.94160536
Notting Hill,3.073634585,-1.66718116
Star Trek,-20.92684999,-6.366762865
Behind Enemy Lines,5.492176096,0.813449091
Happily N'Ever After,-0.19185185,4.659788479
2 Fast 2 Furious,2.759492944,0.129036049
Holy Man,1.487168154,4.674117539
A Civil Action,5.26118648,1.539376162
The Lord of the Rings: The Return of the King,-27.56763313,-7.663768176
50 First Dates,3.156289323,-1.36765943
Double Jeopardy,4.401410178,0.668786796
The Simpsons Movie,-1.152578826,-4.442448992
Toy Story 2,-3.577786212,-3.139609691
The Heat,0.327061646,-3.395001118
The Pelican Brief,1.33917388,1.690139283
The Other Guys,2.481737993,-3.49266737
Gravity,-23.99922267,-8.463736334
Scary Movie 3,1.522242047,1.507057266
A Sound of Thunder,-0.632660807,4.484374365
Snow White and the Huntsman,-11.21132346,-5.429247683
Jack Ryan: Shadow Recruit,2.098764249,-3.568448282
The Aviator,-17.86015727,-2.716182743
Blended,3.671584103,-1.07730103
Face/Off,1.175476557,-2.258282294
Raise the Titanic,-2.618339643,4.272833542
Hercules,3.491663787,-2.509136384
Basic,5.540758201,1.018705483
Fever Pitch,5.568511669,1.588066057
Collateral,-0.101387157,-4.797296452
Jupiter Ascending,-12.57844972,-3.847228549
The Peanuts Movie,1.716369334,-2.471680863
Click,2.692263878,-1.724045358
Colombiana,4.950666161,-1.229963405
Rise of the Planet of the Apes,-8.485989911,-7.420107042
Children of Men,-3.556106012,-5.710983946
Kill Bill: Vol. 1,-21.94137086,-4.571119663
Bowfinger,4.48984378,0.958420767
Scary Movie 2,0.955868984,2.481928426
The Jungle Book,-9.837417862,-5.724775263
Runaway Bride,1.857107709,2.09655735
The Last Castle,4.711657878,0.463013569
Maid in Manhattan,2.42248618,3.433165326
Monsters vs. Aliens,1.344369765,-1.988670813
Man of Steel,-24.17856876,-8.986876686
Up,-10.69588295,-6.947918416
Memoirs of an Invisible Man,2.883300176,4.041336145
The Host,1.292398133,-3.15315626
The 6th Day,4.827399614,0.704617884
The Polar Express,4.898225452,-0.74359242
Rent,3.698072709,-0.946712645
Broken Arrow,4.221343075,2.868382886
The Adventures of Tintin,-14.80864465,-4.218343531
Sex and the City 2,-2.290432824,1.432543855
Meet Joe Black,-0.718257838,-0.834330314
Insomnia,-23.42684655,-1.75182216
The Tourist,0.110662926,-3.563751691
The Thomas Crown Affair,5.10677467,-0.335666701
The Fifth Element,-6.93117216,-2.734851018
The Twilight Saga: Eclipse,-11.19910216,-2.932451491
Doctor Dolittle,1.067977963,3.197148411
Extreme Ops,0.061304343,5.071060963
Bicentennial Man,3.293994762,0.494929596
Money Train,2.945480118,4.214546529
Enchanted,3.215398983,-2.724583732
Hotel Transylvania 2,1.396695083,-1.144102418
Dragonfly,5.331557319,2.063705589
Casper,2.49755855,3.231286511
Tin Cup,3.128565156,2.462099241
Inspector Gadget,-1.432109454,4.355194555
Dredd,-2.803205868,-5.769616299
The Fast and the Furious,-0.737614168,-2.386085436
Underworld: Evolution,4.609251494,-1.874431936
Anaconda,0.482653355,3.9911379
Little Nicky,2.590143574,3.606930597
Thirteen Days,3.256006376,-1.17812672
K-19: The Widowmaker,4.708501782,0.098194725
The Bourne Supremacy,-1.279103772,-4.260923948
Unbreakable,-1.348889877,-4.050824675
Hidalgo,4.045278327,-0.414794233
Despicable Me,-4.280279558,-4.917098454
This Means War,3.809974977,-2.383476308
Tears of the Sun,3.881828858,0.654169515
End of Days,3.90201018,0.582366111
I Am Number Four,2.555978511,-3.307743026
Around the World in 80 Days,4.827480425,0.443108808
Now You See Me,-6.601249894,-6.064143374
Daylight,3.322857709,3.281769983
The Skeleton Key,5.264256345,-0.742457049
X-Men,-3.80114467,-4.618130404
Littleman,-0.305450208,4.646497348
Star Trek Beyond,-0.616568621,-4.756707265
Cellular,5.48267026,0.911063527
Dreamgirls,3.37888113,-2.333933986
We Were Soldiers,3.788699466,-1.298010578
The Last Witch Hunter,4.162848869,-1.029371537
The Sixth Sense,-11.88461721,-5.716612142
Cars 2,0.210526986,-3.5170763
Night at the Museum,-1.071641118,-1.891558972
The One,4.301888249,2.496211441
Dr. Dolittle 2,0.026040398,4.042891586
Murder by Numbers,5.066276242,1.349402922
Lucy,-5.92327187,-5.990493313
War Horse,-14.39325386,-3.6395177
Changeling,-15.58291826,-2.309343615
The Kingdom,4.216395155,-2.439679824
Revolutionary Road,-6.743173558,-3.596396939
Salt,0.716737614,-4.423111011
Bandits,5.413164859,0.571362331
The Other Woman,4.231280497,-1.09321611
Armageddon,-2.668442893,-2.386934227
Wild Wild West,0.261086994,3.103392334
Paycheck,5.0906271,-0.661323793
Madagascar,0.713680301,-2.040502486
Basic Instinct 2,-0.804375362,3.684554066
The Italian Job,1.761327503,-1.591048616
G-Force,1.156848882,2.654109485
Point Break,1.616756824,1.196071736
Shaft,4.854668861,1.137878202
Captain America: Civil War,-20.22110538,-8.146669809
The Truman Show,-5.260640589,-4.128644062
Gone Girl,-32.01578794,-4.911152094
The Hunger Games: Catching Fire,-15.84657262,-7.868108429
Oblivion,-8.609905852,-7.383094138
Cloudy with a Chance of Meatballs 2,3.589742292,-0.880259439
The Lovely Bones,1.889419429,-3.897045911
Two Brothers,4.853113747,0.910581437
Hollow Man,3.572773154,0.240350183
The League of Extraordinary Gentlemen,3.304721182,-0.662978828
Bulletproof Monk,4.480830855,3.058522769
Two Weeks Notice,4.992100366,1.553823195
Toy Story 3,-13.93862877,-7.397169691
Space Cowboys,-14.09456754,-0.6017763
Alfie,5.183023786,1.594971649
Hotel for Dogs,2.97177442,3.23105666
Chicken Little,2.793100498,0.726533463
Vanilla Sky,0.481125535,-1.89562457
The International,4.260376487,-2.0110186
Ted 2,0.146223196,-3.45201641
Sherlock Holmes,-6.066102683,-6.457159993
A League of Their Own,0.99582402,1.020428876
The Phantom,1.403265157,4.711789701
Suicide Squad,-6.016314302,-5.784461599
Flightplan,3.993983422,-1.873166359
The Phantom of the Opera,-3.474419622,-2.321685136
Batman v Superman: Dawn of Justice,-28.58945754,-7.81512634
The Forbidden Kingdom,5.03553636,-1.186034018
The Final Destination,-29.80283784,-0.020035567
American Reunion,1.044882038,-3.504439878
Into the Woods,-9.111371145,-4.093266096
Ocean's Twelve,2.130355459,-2.21007305
Cloud Atlas,-11.0426115,-7.098059201
The Emperor's New Groove,3.096838421,-0.605765431
Antz,3.540135768,0.439028476
The Adventures of Ford Fairlane,2.355761388,3.117723821
S.W.A.T.,4.358532576,0.30175365
Aliens vs. Predator: Requiem,-0.775572702,1.237681441
Wyatt Earp,-3.751485801,0.795284808
The Fan,-8.792248662,1.365242648
Ray,-0.614994833,-2.851039135
World Trade Center,3.438198619,-1.797061634
Eyes Wide Shut,-2.582560243,-3.879510424
Alvin and the Chipmunks: The Road Chip,0.263136599,3.498430268
Charlie's Angels: Full Throttle,0.778309681,3.192859072
Hitch,1.935011251,-1.8015164
Courage Under Fire,3.417796554,1.824980783
Training Day,0.897658886,-1.782477533
From Paris with Love,4.874732412,-0.969103955
Exorcist: The Beginning,2.328713186,2.430464797
The Talented Mr. Ripley,1.6822502,-2.585099617
Gothika,4.698114463,-0.182609576
Rambo: First Blood Part II,0.38899693,1.266399439
Vantage Point,3.763618825,-2.090121552
Mickey Blue Eyes,4.591784988,3.300500341
Harry Potter and the Prisoner of Azkaban,-11.28291391,-5.325110461
Journey 2: The Mysterious Island,2.842952413,0.020077889
Get Hard,4.089382253,-0.609232315
The Adventures of Pluto Nash,-2.299829612,5.114808729
Stepmom,3.899579082,1.465259198
Mirror Mirror,-0.765133156,-3.722953595
Mighty Joe Young,3.031414139,3.999699217
The Magic Sword: Quest for Camelot,3.540396523,3.566365406
The Time Machine,4.491682201,1.496883078
The Prestige,-39.10221419,-1.912369956
The Fast and the Furious: Tokyo Drift,4.185928062,0.166449009
The Lone Ranger,-4.390140682,-5.988876394
The Dark Knight,-53.44107202,-24.54316591
Fantastic 4: Rise of the Silver Surfer,1.090573451,-1.964344593
The Hobbit: The Battle of the Five Armies,-8.395051316,-6.798447002
Prisoners,-8.243291098,-7.002142684
G.I. Joe: Retaliation,-1.697554694,-3.908167927
Olympus Has Fallen,-1.023779928,-5.107002639
The Shadow,3.825490973,3.465721205
The Lord of the Rings: The Two Towers,-21.3370986,-7.293419493
Harry Potter and the Order of the Phoenix,-6.42329829,-5.430681036
Delgo,-0.607469325,5.105994934
The Chronicles of Narnia: The Voyage of the Dawn Treader,3.67242296,-1.967220821
The Interpreter,4.311951397,-1.784810509
Shrek the Third,-3.598224813,-2.084187556
Super 8,-17.41218067,-5.29176049
Inglourious Basterds,-28.35077431,-6.590280124
The Game,-22.51063907,-1.627115431
On Deadly Ground,-0.546315302,4.957851481
Death Race,4.040089373,-1.781377573
Quantum of Solace,-4.07587951,-5.520847411
Hudson Hawk,2.697205565,3.805847629
Captain Phillips,-7.138952691,-7.232012899
Night at the Museum: Battle of the Smithsonian,1.361509295,-0.890775375
Iron Man 3,-20.67617026,-8.471147168
The Legend of Bagger Vance,-3.416680723,-0.27450522
Eragon,-2.044202891,0.201288274
The Book of Eli,-6.914194392,-4.072422544
Jason Bourne,1.601730613,-3.743142093
G.I. Joe: The Rise of Cobra,1.245520648,-2.369684759
City Hall,4.081977126,3.33023128
Hanging Up,1.075689623,4.756059737
Terminator Salvation,-3.122480732,-5.644792331
Starsky & Hutch,4.365566809,-0.045961264
Batman & Robin,-4.382562308,1.909414882
Son of the Mask,-8.866745528,4.883537484
The Rundown,5.561702639,0.018807885
Despicable Me 2,-7.64384026,-5.098973466
The Hunting Party,4.930105224,1.189761533
The Adjustment Bureau,-1.557162712,-5.664298991
Child 44,3.188848188,-0.784544297
The Spiderwick Chronicles,4.960523313,-1.037799807
Robin Hood,-0.742737336,-4.703362211
The Cable Guy,4.067026215,2.742098205
Something's Gotta Give,3.901300455,-0.725137803
Fury,-5.087420343,-6.424742022
Three Kings,4.65795768,-1.164809482
Domino,-8.26095479,-0.438400762
Lincoln,-18.63989619,-5.777971709
Mad City,4.311815181,3.148760285
Flight of the Phoenix,5.090430944,1.940769382
Battlefield Earth,-9.279698516,3.211198131
Step Brothers,4.070385449,-1.694078581
Jingle All the Way,3.066675107,3.89994504
Gladiator,-16.64871838,-6.56421072
Edge of Darkness,3.999394026,-2.496825235
The Warlords,4.838804133,0.468308513
Jersey Boys,-14.78750112,-1.568339296
Grindhouse,-1.880751966,-3.339082115
2 Guns,3.105274877,-3.305462782
Harry Potter and the Goblet of Fire,-13.60774567,-5.841656284
London Has Fallen,3.022812889,-1.918627649
Tangled,-2.474052562,-5.266110548
Scream 3,2.01829985,-0.1578281
Boomerang,1.356909358,4.168505651
Mars Needs Moms,3.035025823,3.122900704
Spider-Man,-13.35291741,-6.073575361
The Haunted Mansion,1.611515346,3.861552641
The Day the Earth Stood Still,1.513150344,-2.21659929
The Godfather: Part III,-1.796725872,-1.220951273
The Santa Clause 2,2.245551162,2.848242036
13 Hours,1.260217008,-2.96120665
What Women Want,1.673426896,-0.747658355
Mission: Impossible III,-13.16916275,-2.882450967
Dream House,4.5962941,0.422231271
Lethal Weapon 4,3.49911368,-0.301988003
In the Name of the King: A Dungeon Siege Tale,-3.517958983,2.990263773
Die Another Day,-0.587921644,-2.876337713
Master and Commander: The Far Side of the World,1.796439226,-3.59290477
The Legend of Tarzan,1.998125152,-2.985445905
Hellboy II: The Golden Army,0.879417619,-4.498581369
Fun with Dick and Jane,4.461140571,0.739313419
